Time (milliseconds),Input (-12 C),Temp (C)
0,-12,21.78
51,-12,21.78
102,-12,21.78
152,-12,21.78
203,-12,21.29
254,-12,21.78
306,-12,21.29
357,-12,21.29
407,-12,21.29
458,-12,21.29
509,-12,21.29
561,-12,21.29
612,-12,21.29
662,-12,21.78
713,-12,21.29
764,-12,21.29
816,-12,21.29
867,-12,21.78
918,-12,21.78
968,-12,21.29
1019,-12,21.29
1071,-12,21.29
1122,-12,21.78
1173,-12,21.29
1224,-12,20.8
1274,-12,21.29
1326,-12,21.29
1377,-12,21.29
1428,-12,21.29
1479,-12,21.29
1530,-12,21.78
1582,-12,21.78
1632,-12,21.29
1683,-12,21.78
1734,-12,21.29
1785,-12,21.29
1837,-12,21.78
1888,-12,21.29
1939,-12,21.29
1989,-12,21.78
2040,-12,21.78
2092,-12,21.78
2143,-12,21.78
2194,-12,21.29
2245,-12,21.29
2295,-12,21.78
2347,-12,21.29
2398,-12,21.78
2449,-12,21.29
2500,-12,21.29
2551,-12,21.29
2603,-12,21.29
2653,-12,21.29
2704,-12,21.29
2755,-12,21.29
2806,-12,21.29
2857,-12,21.29
2909,-12,21.29
2960,-12,21.29
3010,-12,21.29
3061,-12,21.29
3112,-12,21.78
3164,-12,21.29
3215,-12,21.78
3266,-12,21.78
3317,-12,21.29
3367,-12,21.29
3419,-12,21.78
3470,-12,21.29
3521,-12,21.29
3572,-12,21.29
3623,-12,20.8
3675,-12,20.8
3725,-12,20.8
3776,-12,20.8
3827,-12,20.31
3878,-12,20.8
3930,-12,20.31
3981,-12,20.31
4032,-12,20.31
4082,-12,20.8
4133,-12,20.31
4185,-12,20.31
4236,-12,20.31
4287,-12,19.82
4338,-12,19.82
4389,-12,19.82
4440,-12,19.82
4491,-12,20.31
4542,-12,19.82
4593,-12,19.34
4644,-12,19.82
4696,-12,18.85
4746,-12,19.34
4797,-12,19.34
4848,-12,19.34
4899,-12,19.34
4951,-12,18.85
5002,-12,19.34
5053,-12,19.34
5103,-12,19.34
5154,-12,18.85
5206,-12,18.85
5257,-12,18.85
5308,-12,19.34
5359,-12,18.85
5410,-12,18.85
5460,-12,19.34
5512,-12,18.85
5563,-12,18.85
5614,-12,18.85
5665,-12,19.34
5716,-12,18.85
5768,-12,18.85
5818,-12,18.85
5869,-12,18.36
5920,-12,18.36
5971,-12,18.85
6023,-12,18.85
6074,-12,18.36
6125,-12,19.34
6175,-12,18.85
6226,-12,18.85
6278,-12,18.36
6329,-12,18.85
6380,-12,18.85
6431,-12,18.36
6481,-12,18.36
6533,-12,18.36
6584,-12,17.87
6635,-12,18.36
6686,-12,17.87
6737,-12,16.89
6789,-12,17.38
6839,-12,16.89
6890,-12,16.89
6941,-12,16.89
6992,-12,16.89
7044,-12,16.41
7095,-12,15.92
7146,-12,16.41
7196,-12,16.41
7247,-12,15.43
7299,-12,15.92
7350,-12,15.92
7401,-12,15.43
7452,-12,15.43
7503,-12,16.41
7555,-12,15.43
7605,-12,15.92
7656,-12,16.41
7707,-12,16.41
7758,-12,16.41
7810,-12,16.41
7861,-12,16.41
7912,-12,16.41
7962,-12,16.41
8013,-12,15.92
8065,-12,16.41
8116,-12,15.43
8167,-12,14.94
8218,-12,14.94
8269,-12,14.45
8320,-12,15.43
8371,-12,13.48
8422,-12,13.96
8473,-12,12.5
8524,-12,12.99
8576,-12,13.96
8627,-12,12.01
8677,-12,11.52
8728,-12,12.99
8779,-12,11.52
8830,-12,11.52
8882,-12,11.52
8933,-12,12.5
8984,-12,12.5
9034,-12,12.5
9085,-12,12.01
9137,-12,12.01
9188,-12,11.52
9239,-12,12.5
9290,-12,12.99
9341,-12,14.45
9392,-12,11.52
9443,-12,13.96
9494,-12,12.5
9545,-12,12.99
9596,-12,13.96
9648,-12,13.48
9699,-12,14.45
9749,-12,13.96
9800,-12,13.96
9851,-12,14.45
9903,-12,14.45
9954,-12,14.45
10005,-12,14.45
10056,-12,13.96
10106,-12,13.96
10158,-12,14.94
10209,-12,14.45
10260,-12,14.45
10311,-12,14.45
10362,-12,14.94
10414,-12,14.94
10465,-12,14.94
10516,-12,14.45
10567,-12,14.45
10617,-12,14.94
10669,-12,14.94
10720,-12,14.94
10771,-12,14.45
10822,-12,14.94
10873,-12,14.94
10925,-12,14.45
10976,-12,14.45
11027,-12,14.94
11078,-12,14.94
11128,-12,14.45
11180,-12,14.94
11231,-12,14.94
11282,-12,14.45
11333,-12,14.45
11384,-12,14.45
11436,-12,14.94
11487,-12,14.45
11538,-12,14.45
11589,-12,14.45
11639,-12,13.96
11691,-12,14.94
11742,-12,14.45
11793,-12,13.96
11844,-12,14.94
11895,-12,13.96
11947,-12,13.96
11998,-12,13.96
12049,-12,13.96
12100,-12,13.48
12150,-12,14.94
12201,-12,13.96
12253,-12,14.45
12304,-12,13.96
12355,-12,13.96
12406,-12,13.48
12457,-12,14.45
12509,-12,14.45
12560,-12,13.96
12610,-12,13.96
12661,-12,13.96
12712,-12,13.96
12764,-12,13.96
12815,-12,13.96
12866,-12,13.48
12917,-12,13.96
12968,-12,13.96
13020,-12,13.96
13071,-12,13.48
13121,-12,13.96
13172,-12,13.48
13223,-12,13.96
13275,-12,13.48
13326,-12,13.96
13377,-12,13.96
13428,-12,13.48
13479,-12,13.48
13531,-12,13.48
13582,-12,13.48
13633,-12,13.48
13683,-12,13.48
13734,-12,13.48
13786,-12,13.48
13837,-12,13.48
13888,-12,13.48
13939,-12,12.99
13990,-12,13.48
14042,-12,13.48
14093,-12,13.48
14144,-12,13.48
14194,-12,13.48
14245,-12,13.48
14297,-12,13.48
14348,-12,12.99
14399,-12,12.99
14450,-12,13.48
14501,-12,12.99
14553,-12,13.48
14604,-12,12.99
14655,-12,12.99
14705,-12,12.5
14756,-12,13.48
14808,-12,12.99
14859,-12,13.48
14910,-12,13.48
14961,-12,13.48
15012,-12,12.99
15064,-12,13.48
15115,-12,12.99
15166,-12,12.99
15216,-12,12.99
15267,-12,12.99
15319,-12,12.99
15370,-12,12.5
15421,-12,12.99
15472,-12,12.99
15523,-12,12.99
15575,-12,12.99
15626,-12,12.5
15677,-12,12.5
15727,-12,12.99
15778,-12,12.99
15830,-12,12.99
15881,-12,12.99
15932,-12,12.99
15983,-12,12.5
16034,-12,12.99
16086,-12,13.48
16137,-12,12.99
16188,-12,12.99
16238,-12,12.99
16289,-12,12.5
16340,-12,12.99
16392,-12,12.99
16443,-12,12.5
16494,-12,12.5
16545,-12,12.01
16596,-12,12.99
16648,-12,12.99
16699,-12,12.01
16749,-12,12.01
16800,-12,12.5
16851,-12,12.99
16903,-12,12.5
16954,-12,12.99
17005,-12,12.5
17056,-12,12.5
17107,-12,12.5
17159,-12,12.5
17210,-12,12.01
17260,-12,12.01
17311,-12,12.01
17362,-12,12.01
17414,-12,12.01
17465,-12,12.01
17516,-12,12.01
17567,-12,12.5
17618,-12,12.5
17670,-12,12.5
17721,-12,12.01
17771,-12,12.5
17822,-12,12.5
17873,-12,12.01
17925,-12,12.01
17976,-12,12.01
18027,-12,12.01
18078,-12,11.52
18129,-12,12.01
18181,-12,11.52
18232,-12,12.01
18282,-12,12.01
18333,-12,12.01
18384,-12,12.01
18436,-12,11.52
18487,-12,12.01
18538,-12,11.52
18589,-12,11.52
18640,-12,11.52
18692,-12,11.52
18743,-12,11.04
18793,-12,11.52
18844,-12,11.52
18895,-12,11.52
18947,-12,11.52
18998,-12,12.01
19049,-12,11.52
19100,-12,11.52
19151,-12,11.04
19203,-12,11.52
19254,-12,11.52
19304,-12,11.52
19355,-12,12.01
19406,-12,11.52
19458,-12,11.04
19509,-12,12.01
19560,-12,11.52
19611,-12,11.04
19662,-12,11.52
19714,-12,11.52
19765,-12,11.04
19815,-12,12.01
19866,-12,11.52
19917,-12,10.55
19969,-12,11.52
20020,-12,11.52
20071,-12,11.52
20122,-12,11.04
20173,-12,11.04
20225,-12,11.52
20276,-12,11.04
20327,-12,11.52
20377,-12,11.52
20428,-12,11.04
20480,-12,11.52
20531,-12,11.04
20582,-12,12.01
20633,-12,11.04
20684,-12,12.01
20736,-12,11.52
20787,-12,11.52
20838,-12,11.52
20888,-12,11.52
20939,-12,11.04
20990,-12,11.04
21042,-12,11.52
21093,-12,11.52
21144,-12,11.04
21195,-12,11.04
21246,-12,10.55
21298,-12,11.04
21349,-12,10.55
21399,-12,10.55
21450,-12,11.04
21501,-12,10.55
21553,-12,11.52
21604,-12,10.55
21655,-12,11.04
21706,-12,11.04
21757,-12,11.04
21809,-12,11.04
21860,-12,11.04
21910,-12,11.04
21961,-12,11.04
22012,-12,10.55
22064,-12,11.04
22115,-12,11.04
22166,-12,10.55
22217,-12,11.04
22268,-12,11.04
22320,-12,11.04
22371,-12,11.04
22421,-12,10.55
22472,-12,10.55
22523,-12,10.55
22575,-12,10.55
22626,-12,10.55
22677,-12,10.55
22728,-12,10.55
22779,-12,11.04
22831,-12,10.55
22882,-12,10.55
22932,-12,10.55
22983,-12,10.55
23034,-12,11.04
23086,-12,10.55
23137,-12,10.55
23188,-12,10.55
23239,-12,10.55
23290,-12,10.55
23342,-12,10.55
23393,-12,10.55
23444,-12,10.06
23494,-12,10.06
23545,-12,10.55
23597,-12,11.04
23648,-12,10.55
23699,-12,10.55
23750,-12,10.06
23801,-12,10.06
23853,-12,10.55
23904,-12,10.55
23955,-12,10.06
24005,-12,10.55
24056,-12,10.06
24108,-12,10.55
24159,-12,10.06
24210,-12,10.55
24261,-12,10.55
24312,-12,10.55
24364,-12,10.55
24415,-12,10.06
24465,-12,10.06
24516,-12,10.55
24567,-12,9.57
24619,-12,10.55
24670,-12,10.55
24721,-12,10.55
24772,-12,10.06
24823,-12,10.06
24875,-12,10.55
24926,-12,10.55
24976,-12,10.55
25027,-12,10.06
25078,-12,10.55
25129,-12,10.06
25181,-12,10.06
25232,-12,10.06
25283,-12,10.55
25334,-12,10.55
25385,-12,10.55
25437,-12,10.55
25487,-12,10.55
25538,-12,10.55
25589,-12,10.55
25640,-12,10.06
25692,-12,10.06
25743,-12,9.57
25794,-12,10.06
25845,-12,10.55
25896,-12,10.06
25947,-12,10.06
25998,-12,10.06
26049,-12,10.55
26100,-12,10.06
26151,-12,10.06
26203,-12,10.55
26254,-12,10.06
26305,-12,10.06
26356,-12,10.06
26407,-12,10.06
26458,-12,10.06
26509,-12,10.55
26560,-12,10.06
26611,-12,10.06
26662,-12,10.55
26714,-12,10.06
26765,-12,10.06
26816,-12,10.06
26867,-12,10.06
26917,-12,10.06
26969,-12,10.06
27020,-12,10.06
27071,-12,9.08
27122,-12,10.06
27173,-12,9.57
27225,-12,10.06
27276,-12,9.57
27326,-12,10.06
27377,-12,9.57
27428,-12,10.55
27480,-12,9.08
27531,-12,10.06
27582,-12,9.57
27633,-12,9.57
27684,-12,10.55
27735,-12,9.57
27786,-12,10.06
27837,-12,10.06
27888,-12,10.06
27939,-12,9.57
27991,-12,9.08
28042,-12,10.06
28093,-12,9.57
28143,-12,9.08
28194,-12,10.06
28246,-12,9.57
28297,-12,9.57
28348,-12,9.57
28399,-12,9.57
28450,-12,9.08
28500,-12,10.06
28552,-12,10.06
28603,-12,9.57
28654,-12,9.57
28705,-12,9.57
28756,-12,9.57
28808,-12,9.57
28858,-12,9.57
28909,-12,9.08
28960,-12,10.06
29011,-12,9.08
29063,-12,10.06
29114,-12,10.06
29165,-12,9.57
29216,-12,10.06
29266,-12,9.57
29318,-12,9.57
29369,-12,10.06
29420,-12,9.57
29471,-12,9.57
29522,-12,9.57
29574,-12,9.57
29624,-12,9.57
29675,-12,9.57
29726,-12,9.57
29777,-12,9.08
29829,-12,9.57
29880,-12,9.57
29931,-12,10.06
29981,-12,9.57
30032,-12,10.06
30084,-12,9.57
30135,-12,9.57
30186,-12,9.57
30237,-12,10.06
30288,-12,9.57
30340,-12,9.57
30390,-12,9.57
30441,-12,9.57
30492,-12,9.57
30543,-12,9.08
30595,-12,9.08
30646,-12,9.57
30696,-12,9.08
30747,-12,9.57
30798,-12,9.57
30850,-12,9.57
30901,-12,9.08
30952,-12,9.57
31003,-12,9.08
31053,-12,9.57
31105,-12,9.08
31156,-12,9.08
31207,-12,10.06
31258,-12,9.08
31309,-12,9.08
31361,-12,9.57
31411,-12,9.08
31462,-12,9.57
31513,-12,9.08
31564,-12,9.08
31616,-12,9.08
31667,-12,9.57
31718,-12,9.08
31768,-12,9.08
31819,-12,9.08
31870,-12,9.57
31922,-12,9.08
31973,-12,9.08
32024,-12,9.08
32075,-12,9.08
32125,-12,8.59
32177,-12,9.08
32228,-12,9.08
32279,-12,9.08
32330,-12,9.08
32381,-12,9.08
32432,-12,9.57
32483,-12,8.59
32534,-12,9.08
32585,-12,8.11
32636,-12,8.59
32688,-12,9.08
32739,-12,9.08
32789,-12,9.08
32840,-12,9.08
32891,-12,8.11
32943,-12,9.08
32994,-12,9.08
33045,-12,9.08
33096,-12,9.08
33146,-12,8.59
33198,-12,9.08
33249,-12,9.08
33300,-12,9.57
33351,-12,9.08
33402,-12,9.08
33454,-12,9.08
33504,-12,8.59
33555,-12,8.11
33606,-12,8.59
33657,-12,8.59
33709,-12,8.59
33760,-12,8.59
33811,-12,8.59
33861,-12,8.59
33912,-12,8.11
33964,-12,8.59
34015,-12,9.08
34066,-12,8.11
34117,-12,8.11
34168,-12,8.59
34219,-12,8.59
34270,-12,8.59
34321,-12,8.59
34372,-12,8.11
34423,-12,8.59
34475,-12,8.59
34526,-12,8.59
34576,-12,8.59
34627,-12,8.59
34678,-12,8.59
34729,-12,8.11
34781,-12,9.08
34832,-12,8.59
34883,-12,8.59
34933,-12,8.59
34984,-12,8.59
35036,-12,8.11
35087,-12,8.59
35138,-12,7.62
35189,-12,8.59
35240,-12,8.11
35291,-12,8.59
35342,-12,8.59
35393,-12,9.08
35444,-12,8.59
35495,-12,8.11
35547,-12,8.59
35598,-12,8.59
35648,-12,8.11
35699,-12,8.59
35750,-12,8.11
35802,-12,8.11
35853,-12,8.59
35904,-12,8.59
35955,-12,8.59
36005,-12,8.11
36057,-12,8.59
36108,-12,8.11
36159,-12,8.59
36210,-12,8.11
36261,-12,8.11
36313,-12,8.11
36363,-12,8.11
36414,-12,8.59
36465,-12,8.59
36516,-12,8.11
36568,-12,8.11
36619,-12,8.11
36670,-12,7.62
36720,-12,8.11
36771,-12,8.11
36823,-12,8.11
36874,-12,8.11
36925,-12,8.11
36976,-12,8.11
37027,-12,8.11
37078,-12,8.11
37129,-12,8.59
37180,-12,8.59
37231,-12,8.11
37282,-12,8.11
37334,-12,8.11
37385,-12,8.11
37435,-12,8.11
37486,-12,7.62
37537,-12,8.11
37588,-12,8.11
37640,-12,8.11
37691,-12,8.11
37742,-12,8.11
37792,-12,8.11
37843,-12,7.62
37895,-12,8.11
37946,-12,8.11
37997,-12,8.59
38048,-12,8.11
38099,-12,7.62
38150,-12,7.13
38201,-12,8.11
38252,-12,7.62
38303,-12,7.62
38354,-12,7.62
38406,-12,7.62
38457,-12,7.62
38507,-12,7.13
38558,-12,7.62
38609,-12,7.62
38661,-12,8.11
38712,-12,7.62
38763,-12,7.62
38814,-12,8.11
38865,-12,8.11
38916,-12,7.13
38967,-12,7.62
39018,-12,7.62
39069,-12,7.13
39120,-12,8.11
39172,-12,7.62
39223,-12,7.62
39273,-12,7.62
39324,-12,7.62
39375,-12,7.62
39427,-12,7.13
39478,-12,7.62
39529,-12,7.13
39580,-12,7.13
39630,-12,7.13
39682,-12,7.13
39733,-12,7.13
39784,-12,7.62
39835,-12,7.62
39886,-12,7.62
39938,-12,7.62
39988,-12,7.62
40039,-12,7.13
40090,-12,7.62
40141,-12,7.13
40193,-12,7.13
40244,-12,7.62
40295,-12,7.13
40345,-12,7.13
40396,-12,7.62
40448,-12,6.64
40499,-12,7.13
40550,-12,7.13
40601,-12,7.13
40652,-12,7.13
40702,-12,7.13
40754,-12,7.13
40805,-12,7.13
40856,-12,7.13
40907,-12,7.13
40958,-12,7.13
41010,-12,7.13
41060,-12,7.13
41111,-12,7.13
41162,-12,7.62
41213,-12,7.62
41265,-12,7.13
41316,-12,7.13
41367,-12,6.64
41417,-12,7.13
41468,-12,7.62
41520,-12,6.64
41571,-12,7.13
41622,-12,7.13
41673,-12,7.62
41724,-12,7.13
41775,-12,7.62
41826,-12,7.62
41877,-12,7.13
41928,-12,7.13
41979,-12,7.13
42031,-12,6.64
42082,-12,7.13
42132,-12,7.13
42183,-12,7.13
42234,-12,7.62
42286,-12,7.13
42337,-12,7.13
42388,-12,7.13
42439,-12,6.64
42489,-12,6.64
42541,-12,7.13
42592,-12,6.64
42643,-12,7.13
42694,-12,7.13
42745,-12,7.13
42797,-12,7.13
42847,-12,7.13
42898,-12,6.64
42949,-12,6.64
43000,-12,6.64
43052,-12,7.13
43103,-12,6.64
43154,-12,7.13
43205,-12,6.64
43255,-12,6.64
43307,-12,6.64
43358,-12,6.64
43409,-12,7.13
43460,-12,7.13
43511,-12,7.13
43563,-12,6.64
43613,-12,6.64
43664,-12,6.64
43715,-12,6.64
43766,-12,6.64
43817,-12,7.62
43869,-12,7.13
43920,-12,7.13
43970,-12,7.13
44021,-12,6.64
44072,-12,6.64
44124,-12,7.13
44175,-12,6.64
44226,-12,6.15
44277,-12,6.64
44327,-12,7.13
44379,-12,6.64
44430,-12,6.64
44481,-12,6.64
44532,-12,7.13
44583,-12,7.13
44635,-12,7.13
44685,-12,6.64
44736,-12,6.64
44787,-12,7.13
44838,-12,7.13
44890,-12,6.64
44941,-12,7.13
44992,-12,6.64
45042,-12,6.64
45093,-12,6.15
45145,-12,7.13
45196,-12,6.64
45247,-12,6.64
45298,-12,6.64
45349,-12,6.15
45400,-12,6.64
45451,-12,6.64
45502,-12,7.13
45553,-12,7.13
45604,-12,6.64
45656,-12,6.64
45707,-12,7.13
45757,-12,6.64
45808,-12,6.15
45859,-12,7.13
45911,-12,6.64
45962,-12,6.64
46013,-12,7.13
46064,-12,6.64
46114,-12,6.64
46166,-12,6.64
46217,-12,6.64
46268,-12,6.64
46319,-12,6.64
46370,-12,6.64
46422,-12,6.64
46472,-12,6.64
46523,-12,6.15
46574,-12,6.64
46625,-12,6.64
46676,-12,6.64
46728,-12,6.64
46779,-12,6.64
46829,-12,6.64
46880,-12,6.64
46931,-12,6.64
46983,-12,6.64
47034,-12,7.13
47085,-12,6.15
47136,-12,7.13
47186,-12,6.64
47238,-12,6.15
47289,-12,6.15
47340,-12,6.64
47391,-12,6.64
47442,-12,6.15
47494,-12,6.64
47545,-12,6.64
47595,-12,6.15
47646,-12,6.64
47697,-12,6.15
47749,-12,6.15
47800,-12,7.13
47851,-12,6.15
47902,-12,6.15
47952,-12,6.64
48004,-12,6.15
48055,-12,6.15
48106,-12,6.15
48157,-12,6.64
48208,-12,6.15
48260,-12,6.64
48310,-12,6.15
48361,-12,6.15
48412,-12,6.64
48463,-12,6.15
48515,-12,6.64
48566,-12,6.15
48617,-12,6.64
48667,-12,6.15
48718,-12,6.64
48770,-12,6.15
48821,-12,7.13
48872,-12,6.15
48923,-12,6.15
48974,-12,6.15
49025,-12,6.15
49076,-12,5.66
49127,-12,6.64
49178,-12,6.15
49229,-12,7.13
49281,-12,6.15
49332,-12,6.15
49382,-12,6.15
49433,-12,5.66
49484,-12,6.64
49536,-12,6.64
49587,-12,6.15
49638,-12,6.64
49689,-12,6.15
49739,-12,6.15
49790,-12,6.64
49842,-12,6.64
49893,-12,6.15
49944,-12,6.15
49995,-12,6.15
50046,-12,6.15
50097,-12,6.15
50148,-12,6.64
50199,-12,6.15
50250,-12,6.64
50301,-12,6.64
50353,-12,6.15
50404,-12,6.15
50454,-12,6.15
50505,-12,6.64
50556,-12,6.15
50608,-12,6.15
50659,-12,5.66
50710,-12,5.66
50761,-12,6.64
50811,-12,6.15
50863,-12,6.15
50914,-12,6.64
50965,-12,6.15
51016,-12,6.15
51067,-12,6.15
51119,-12,6.15
51169,-12,5.66
51220,-12,6.64
51271,-12,6.15
51322,-12,6.15
51374,-12,5.18
51425,-12,6.64
51476,-12,6.64
51526,-12,6.15
51577,-12,5.66
51629,-12,6.15
51680,-12,6.15
51731,-12,6.15
51782,-12,6.15
51833,-12,5.66
51885,-12,5.66
51935,-12,6.64
51986,-12,6.15
52037,-12,6.64
52088,-12,6.15
52140,-12,5.66
52191,-12,6.15
52242,-12,6.15
52292,-12,6.15
52343,-12,6.15
52395,-12,6.15
52446,-12,5.66
52497,-12,6.15
52548,-12,6.15
52599,-12,5.66
52649,-12,5.66
52701,-12,6.15
52752,-12,6.15
52803,-12,5.18
52854,-12,5.66
52905,-12,5.66
52957,-12,6.15
53007,-12,5.66
53058,-12,6.15
53109,-12,6.15
53160,-12,6.15
53212,-12,5.66
53263,-12,5.66
53314,-12,5.66
53364,-12,6.15
53415,-12,5.66
53467,-12,6.15
53518,-12,5.66
53569,-12,5.66
53620,-12,6.15
53671,-12,5.66
53722,-12,5.66
53773,-12,5.66
53824,-12,5.66
53875,-12,6.15
53926,-12,5.66
53978,-12,5.66
54029,-12,5.66
54079,-12,5.18
54130,-12,5.66
54181,-12,5.66
54233,-12,5.66
54284,-12,6.15
54335,-12,6.15
54386,-12,5.66
54436,-12,5.66
54488,-12,5.18
54539,-12,5.66
54590,-12,6.15
54641,-12,5.66
54692,-12,5.66
54744,-12,5.66
54794,-12,5.66
54845,-12,5.66
54896,-12,6.15
54947,-12,5.66
54999,-12,5.66
55050,-12,5.66
55101,-12,5.66
55151,-12,5.18
55202,-12,5.66
55254,-12,5.66
55305,-12,6.15
55356,-12,6.15
55407,-12,5.66
55458,-12,5.18
55508,-12,5.66
55560,-12,5.66
55611,-12,5.66
55662,-12,6.15
55713,-12,5.66
55764,-12,5.18
55816,-12,5.66
55866,-12,5.18
55917,-12,5.18
55968,-12,5.18
56019,-12,6.15
56071,-12,5.66
56122,-12,5.66
56173,-12,5.66
56223,-12,5.66
56274,-12,5.66
56326,-12,5.66
56377,-12,5.66
56428,-12,5.66
56479,-12,6.15
56530,-12,5.18
56581,-12,5.18
56632,-12,5.18
56683,-12,5.18
56734,-12,5.18
56785,-12,5.18
56837,-12,5.18
56888,-12,5.18
56939,-12,5.66
56989,-12,5.18
57040,-12,5.66
57092,-12,5.18
57143,-12,5.18
57194,-12,5.18
57245,-12,5.18
57296,-12,5.18
57347,-12,4.69
57398,-12,4.69
57449,-12,5.66
57500,-12,5.18
57551,-12,5.66
57603,-12,5.66
57654,-12,5.18
57704,-12,5.18
57755,-12,5.18
57806,-12,5.66
57858,-12,5.18
57909,-12,5.66
57960,-12,5.18
58011,-12,5.18
58061,-12,5.18
58113,-12,5.66
58164,-12,5.18
58215,-12,4.69
58266,-12,5.18
58317,-12,5.18
58369,-12,5.18
58419,-12,5.66
58470,-12,5.66
58521,-12,5.18
58572,-12,4.69
58624,-12,5.18
58675,-12,5.18
58726,-12,5.18
58776,-12,5.66
58827,-12,5.66
58878,-12,5.18
58930,-12,5.18
58981,-12,4.69
59032,-12,5.66
59083,-12,5.66
59133,-12,5.66
59185,-12,5.66
59236,-12,5.18
59287,-12,5.18
59338,-12,5.18
59389,-12,4.69
59441,-12,5.18
59491,-12,4.69
59542,-12,5.18
59593,-12,5.18
59644,-12,5.18
59696,-12,4.69
59747,-12,5.18
59798,-12,5.18
59848,-12,5.18
59899,-12,4.69
59951,-12,4.69
60002,-12,5.18
60053,-12,4.69
60104,-12,4.69
60155,-12,5.18
60206,-12,4.69
60257,-12,4.69
60308,-12,5.18
60359,-12,4.69
60410,-12,5.18
60462,-12,5.18
60513,-12,5.18
60563,-12,5.18
60614,-12,4.69
60665,-12,4.69
60717,-12,4.69
60768,-12,5.66
60819,-12,5.66
60870,-12,5.18
60921,-12,5.18
60972,-12,4.69
61023,-12,5.18
61074,-12,4.69
61125,-12,4.2
61176,-12,4.69
61228,-12,4.2
61279,-12,4.2
61329,-12,4.69
61380,-12,4.69
61431,-12,4.69
61483,-12,5.18
61534,-12,4.69
61585,-12,4.69
61636,-12,4.69
61686,-12,4.69
61737,-12,5.18
61789,-12,4.2
61840,-12,4.2
61891,-12,4.69
61942,-12,4.69
61993,-12,4.69
62044,-12,4.69
62095,-12,4.69
62146,-12,4.2
62197,-12,4.69
62248,-12,5.18
62300,-12,4.69
62351,-12,4.69
62401,-12,4.69
62452,-12,4.69
62503,-12,4.69
62555,-12,4.2
62606,-12,4.69
62657,-12,4.69
62708,-12,4.69
62758,-12,4.69
62810,-12,4.69
62861,-12,4.69
62912,-12,4.2
62963,-12,4.69
63014,-12,4.69
63066,-12,4.69
63116,-12,4.69
63167,-12,4.69
63218,-12,4.2
63269,-12,4.69
63321,-12,4.69
63372,-12,5.18
63423,-12,4.2
63473,-12,4.2
63524,-12,4.69
63576,-12,4.2
63627,-12,4.69
63678,-12,4.69
63729,-12,4.69
63780,-12,4.69
63831,-12,4.2
63882,-12,4.2
63933,-12,4.69
63984,-12,4.2
64035,-12,4.2
64087,-12,4.69
64138,-12,4.2
64188,-12,4.2
64239,-12,3.71
64290,-12,4.69
64342,-12,4.2
64393,-12,3.71
64444,-12,4.2
64495,-12,4.2
64545,-12,4.2
64596,-12,3.71
64648,-12,4.2
64699,-12,4.69
64750,-12,4.2
64801,-12,3.71
64852,-12,4.69
64903,-12,4.2
64954,-12,4.2
65005,-12,4.2
65056,-12,3.71
65107,-12,4.69
65159,-12,3.71
65210,-12,4.69
65260,-12,4.69
65311,-12,4.2
65362,-12,4.2
65414,-12,4.2
65465,-12,4.2
65516,-12,4.2
65567,-12,3.71
65617,-12,4.2
65669,-12,3.22
65720,-12,4.2
65771,-12,4.2
65822,-12,3.71
65873,-12,4.69
65924,-12,4.2
65975,-12,4.2
66026,-12,4.2
66077,-12,4.2
66128,-12,4.2
66180,-12,4.69
66231,-12,4.2
66281,-12,4.2
66332,-12,4.2
66383,-12,3.22
66435,-12,3.71
66486,-12,4.2
66537,-12,4.2
66588,-12,4.2
66638,-12,4.2
66690,-12,3.71
66741,-12,4.2
66792,-12,4.2
66843,-12,4.2
66894,-12,4.2
66946,-12,3.71
66996,-12,3.71
67047,-12,4.2
67098,-12,3.71
67149,-12,4.2
67201,-12,4.2
67252,-12,3.71
67303,-12,4.2
67353,-12,4.2
67404,-12,4.69
67456,-12,4.69
67507,-12,4.2
67558,-12,4.69
67609,-12,3.71
67660,-12,4.69
67710,-12,3.71
67762,-12,4.2
67813,-12,4.2
67864,-12,4.69
67915,-12,4.2
67966,-12,3.71
68018,-12,3.71
68068,-12,4.69
68119,-12,4.2
68170,-12,3.71
68221,-12,4.2
68273,-12,4.2
68324,-12,4.2
68375,-12,4.2
68425,-12,4.2
68476,-12,4.2
68528,-12,4.2
68579,-12,4.2
68630,-12,3.71
68681,-12,4.2
68732,-12,4.69
68783,-12,3.71
68834,-12,3.71
68885,-12,4.2
68936,-12,4.2
68987,-12,4.2
69039,-12,3.71
69090,-12,4.2
69140,-12,3.71
69191,-12,3.71
69242,-12,3.71
69294,-12,3.71
69345,-12,3.71
69396,-12,3.71
69447,-12,3.71
69497,-12,3.71
69549,-12,3.22
69600,-12,3.71
69651,-12,4.2
69702,-12,3.22
69753,-12,3.71
69805,-12,3.71
69855,-12,3.71
69906,-12,3.71
69957,-12,3.71
70008,-12,3.71
70060,-12,3.71
70111,-12,3.71
70162,-12,3.71
70212,-12,3.71
70263,-12,3.71
70315,-12,3.71
70366,-12,3.22
70417,-12,3.71
70468,-12,3.71
70519,-12,3.71
70569,-12,3.71
70621,-12,3.71
70672,-12,3.22
70723,-12,3.22
70774,-12,3.71
70825,-12,4.2
70877,-12,4.2
70927,-12,3.71
70978,-12,3.22
71029,-12,3.22
71080,-12,3.22
71132,-12,3.71
71183,-12,3.71
71234,-12,3.71
71284,-12,3.71
71335,-12,3.71
71387,-12,3.22
71438,-12,3.71
71489,-12,3.71
71540,-12,3.22
71591,-12,3.71
71642,-12,3.22
71693,-12,3.22
71744,-12,3.71
71795,-12,3.22
71846,-12,3.22
71898,-12,4.2
71949,-12,3.22
71999,-12,3.22
72050,-12,3.22
72101,-12,3.22
72153,-12,3.71
72204,-12,3.22
72255,-12,3.22
72306,-12,3.71
72356,-12,3.22
72408,-12,3.22
72459,-12,3.22
72510,-12,3.22
72561,-12,3.22
72612,-12,3.22
72664,-12,2.73
72714,-12,3.22
72765,-12,3.71
72816,-12,2.73
72867,-12,3.22
72919,-12,3.22
72970,-12,2.73
73021,-12,2.73
73071,-12,3.22
73122,-12,3.22
73174,-12,3.22
73225,-12,3.22
73276,-12,3.71
73327,-12,3.71
73378,-12,3.71
73428,-12,3.22
73480,-12,3.71
73531,-12,3.22
73582,-12,3.22
73633,-12,2.73
73684,-12,3.22
73736,-12,3.22
73787,-12,3.71
73837,-12,3.22
73888,-12,3.22
73939,-12,3.22
73991,-12,2.73
74042,-12,3.71
74093,-12,3.22
74144,-12,3.22
74194,-12,3.22
74246,-12,3.22
74297,-12,3.22
74348,-12,2.73
74399,-12,3.71
74450,-12,3.22
74502,-12,2.73
74552,-12,3.22
74603,-12,3.22
74654,-12,3.22
74705,-12,2.73
74757,-12,3.22
74808,-12,2.73
74859,-12,2.73
74909,-12,3.22
74960,-12,3.22
75012,-12,2.73
75063,-12,2.73
75114,-12,2.73
75165,-12,3.22
75216,-12,3.22
75267,-12,2.73
75318,-12,2.25
75369,-12,2.73
75420,-12,2.73
75471,-12,3.22
75523,-12,2.73
75574,-12,2.73
75624,-12,2.73
75675,-12,3.22
75726,-12,3.22
75778,-12,3.22
75829,-12,2.25
75880,-12,2.73
75931,-12,3.22
75981,-12,3.22
76033,-12,3.22
76084,-12,3.22
76135,-12,3.22
76186,-12,3.22
76237,-12,2.73
76289,-12,2.73
76339,-12,2.73
76390,-12,2.73
76441,-12,2.25
76492,-12,3.22
76544,-12,2.73
76595,-12,2.73
76646,-12,3.22
76696,-12,2.73
76747,-12,2.73
76798,-12,3.22
76850,-12,3.22
76901,-12,2.73
76952,-12,2.25
77003,-12,3.22
77053,-12,3.22
77105,-12,2.73
77156,-12,2.73
77207,-12,2.73
77258,-12,2.73
77309,-12,2.73
77361,-12,3.22
77411,-12,2.73
77462,-12,2.73
77513,-12,2.73
77564,-12,2.73
77616,-12,3.22
77667,-12,2.73
77718,-12,2.25
77769,-12,2.25
77819,-12,2.25
77871,-12,2.25
77922,-12,2.73
77973,-12,2.25
78024,-12,2.25
78075,-12,2.73
78127,-12,1.76
78177,-12,2.73
78228,-12,2.25
78279,-12,2.73
78330,-12,2.25
78382,-12,2.25
78433,-12,1.76
78484,-12,2.73
78534,-12,3.22
78585,-12,2.73
78637,-12,2.73
78688,-12,2.25
78739,-12,1.76
78790,-12,2.25
78841,-12,2.73
78892,-12,2.25
78943,-12,1.76
78994,-12,2.73
79045,-12,3.22
79096,-12,2.73
79148,-12,2.25
79199,-12,2.25
79249,-12,2.73
79300,-12,2.73
79351,-12,3.22
79403,-12,3.22
79454,-12,2.25
79505,-12,2.73
79556,-12,2.73
79606,-12,2.73
79657,-12,2.25
79709,-12,2.73
79760,-12,2.25
79811,-12,2.73
79862,-12,2.25
79913,-12,2.25
79964,-12,2.25
80015,-12,2.25
80066,-12,2.73
80117,-12,2.25
80168,-12,2.25
80220,-12,2.25
80271,-12,2.25
80321,-12,2.25
80372,-12,2.25
80423,-12,2.25
80475,-12,2.73
80526,-12,2.25
80577,-12,2.73
80628,-12,1.76
80679,-12,1.76
80730,-12,2.73
80781,-12,2.25
80832,-12,2.25
80883,-12,2.25
80934,-12,2.25
80986,-12,1.76
81037,-12,2.25
81087,-12,2.25
81138,-12,1.76
81189,-12,2.25
81241,-12,2.25
81292,-12,2.25
81343,-12,1.76
81394,-12,2.25
81444,-12,2.25
81496,-12,2.25
81547,-12,1.76
81598,-12,2.25
81649,-12,2.25
81700,-12,2.73
81752,-12,2.73
81802,-12,2.25
81853,-12,2.25
81904,-12,2.25
81955,-12,1.76
82007,-12,2.25
82058,-12,2.25
82109,-12,2.25
82159,-12,2.25
82210,-12,2.25
82262,-12,2.25
82313,-12,2.25
82364,-12,2.25
82415,-12,2.25
82466,-12,2.25
82516,-12,2.25
82568,-12,1.76
82619,-12,1.76
82670,-12,2.25
82721,-12,1.76
82772,-12,2.73
82824,-12,2.73
82874,-12,1.27
82925,-12,1.27
82976,-12,1.76
83027,-12,2.25
83079,-12,1.76
83130,-12,2.25
83181,-12,1.76
83231,-12,2.25
83282,-12,2.25
83334,-12,1.27
83385,-12,2.25
83436,-12,1.76
83487,-12,1.27
83538,-12,2.25
83589,-12,2.25
83640,-12,1.76
83691,-12,1.76
83742,-12,2.25
83793,-12,2.25
83845,-12,2.25
83896,-12,2.25
83946,-12,1.76
83997,-12,1.76
84048,-12,2.25
84100,-12,2.25
84151,-12,2.25
84202,-12,1.76
84253,-12,2.25
84303,-12,2.25
84355,-12,2.25
84406,-12,2.25
84457,-12,1.76
84508,-12,1.27
84559,-12,2.25
84611,-12,1.76
84662,-12,2.25
84712,-12,1.27
84763,-12,2.25
84814,-12,2.25
84866,-12,2.25
84917,-12,1.76
84968,-12,2.25
85019,-12,1.76
85069,-12,2.25
85121,-12,1.27
85172,-12,1.76
85223,-12,1.76
85274,-12,1.76
85325,-12,1.27
85377,-12,1.76
85427,-12,1.76
85478,-12,2.25
85529,-12,1.27
85580,-12,1.76
85632,-12,1.76
85683,-12,1.76
85734,-12,2.25
85784,-12,1.27
85835,-12,1.76
85886,-12,1.76
85938,-12,1.76
85989,-12,1.76
86040,-12,1.76
86091,-12,1.76
86141,-12,1.76
86193,-12,2.25
86244,-12,2.25
86295,-12,1.76
86346,-12,1.76
86397,-12,1.27
86449,-12,1.76
86499,-12,1.76
86550,-12,1.76
86601,-12,1.76
86652,-12,1.76
86704,-12,1.76
86755,-12,1.76
86806,-12,1.27
86856,-12,1.76
86907,-12,1.76
86959,-12,1.27
87010,-12,1.76
87061,-12,1.76
87112,-12,1.76
87163,-12,1.76
87214,-12,1.76
87265,-12,1.76
87316,-12,1.27
87367,-12,2.25
87418,-12,1.76
87470,-12,1.76
87521,-12,1.76
87571,-12,1.76
87622,-12,1.76
87673,-12,1.27
87725,-12,1.27
87776,-12,1.27
87827,-12,1.27
87878,-12,1.76
87928,-12,1.76
87980,-12,1.27
88031,-12,1.76
88082,-12,2.25
88133,-12,2.25
88184,-12,2.25
88236,-12,1.76
88286,-12,1.76
88337,-12,1.76
88388,-12,1.76
88439,-12,1.76
88491,-12,1.27
88542,-12,1.76
88593,-12,1.76
88643,-12,1.27
88694,-12,1.76
88745,-12,1.27
88797,-12,1.76
88848,-12,1.27
88899,-12,1.76
88950,-12,1.27
89001,-12,0.78
89052,-12,1.76
89103,-12,1.27
89154,-12,1.27
89205,-12,1.27
89256,-12,1.76
89308,-12,2.25
89359,-12,1.27
89409,-12,1.76
89460,-12,1.27
89511,-12,1.27
89563,-12,1.27
89614,-12,1.27
89665,-12,1.76
89716,-12,1.76
89766,-12,1.76
89818,-12,1.27
89869,-12,1.27
89920,-12,2.25
89971,-12,1.76
90022,-12,1.76
90074,-12,1.27
90124,-12,1.76
90175,-12,1.27
90226,-12,1.27
90277,-12,1.27
90329,-12,1.27
90380,-12,1.27
90431,-12,1.27
90481,-12,1.27
90532,-12,1.27
90584,-12,1.76
90635,-12,1.76
90686,-12,1.76
90737,-12,1.76
90788,-12,1.27
90839,-12,1.27
90890,-12,1.76
90941,-12,1.27
90992,-12,1.27
91043,-12,1.76
91095,-12,1.27
91146,-12,1.27
91196,-12,0.78
91247,-12,1.76
91298,-12,1.76
91350,-12,1.27
91401,-12,0.78
91452,-12,1.76
91503,-12,0.78
91553,-12,1.27
91604,-12,1.27
91656,-12,1.27
91707,-12,0.78
91758,-12,0.78
91809,-12,0.78
91860,-12,1.27
91911,-12,1.27
91962,-12,1.76
92013,-12,0.78
92064,-12,1.27
92115,-12,1.27
92167,-12,1.27
92218,-12,1.27
92268,-12,1.27
92319,-12,0.78
92370,-12,1.27
92422,-12,0.78
92473,-12,1.27
92524,-12,1.27
92575,-12,1.76
92625,-12,1.27
92677,-12,1.27
92728,-12,1.27
92779,-12,1.76
92830,-12,1.27
92881,-12,0.78
92933,-12,1.27
92983,-12,0.78
93034,-12,1.27
93085,-12,1.27
93136,-12,1.27
93188,-12,0.78
93239,-12,1.27
93290,-12,0.78
93340,-12,1.27
93391,-12,1.27
93443,-12,1.76
93494,-12,1.27
93545,-12,1.27
93596,-12,1.27
93647,-12,1.27
93698,-12,0.78
93749,-12,1.27
93800,-12,0.78
93851,-12,0.78
93902,-12,1.27
93954,-12,0.29
94005,-12,0.29
94055,-12,1.27
94106,-12,1.27
94157,-12,1.27
94209,-12,0.78
94260,-12,1.27
94311,-12,1.27
94362,-12,1.27
94412,-12,0.78
94464,-12,1.27
94515,-12,1.27
94566,-12,0.78
94617,-12,1.76
94668,-12,0.78
94720,-12,0.78
94770,-12,1.27
94821,-12,0.78
94872,-12,1.76
94923,-12,1.27
94974,-12,0.78
95026,-12,1.27
95077,-12,1.76
95127,-12,1.27
95178,-12,0.78
95229,-12,1.27
95281,-12,1.27
95332,-12,1.27
95383,-12,0.29
95434,-12,0.78
95484,-12,1.27
95536,-12,1.27
95587,-12,0.78
95638,-12,0.78
95689,-12,0.78
95740,-12,0.29
95792,-12,1.27
95842,-12,1.27
95893,-12,0.78
95944,-12,0.78
95995,-12,0.78
96047,-12,1.27
96098,-12,0.78
96149,-12,1.27
96199,-12,0.78
96250,-12,1.27
96302,-12,0.78
96353,-12,1.27
96404,-12,1.27
96455,-12,0.78
96506,-12,1.27
96557,-12,0.78
96608,-12,0.29
96659,-12,0.78
96710,-12,1.27
96761,-12,1.27
96813,-12,0.78
96864,-12,0.78
96914,-12,1.27
96965,-12,0.29
97016,-12,1.27
97068,-12,0.78
97119,-12,1.27
97170,-12,0.78
97220,-12,1.76
97271,-12,0.78
97323,-12,0.78
97374,-12,0.78
97425,-12,1.27
97476,-12,0.29
97527,-12,0.29
97577,-12,1.27
97629,-12,0.29
97680,-12,0.29
97731,-12,0.29
97782,-12,0.78
97833,-12,1.27
97885,-12,0.78
97935,-12,0.78
97986,-12,1.76
98037,-12,0.78
98088,-12,-0.2
98140,-12,1.76
98191,-12,0.78
98242,-12,0.78
98292,-12,1.27
98343,-12,0.78
98395,-12,0.78
98446,-12,1.27
98497,-12,0.78
98548,-12,1.27
98598,-12,0.78
98650,-12,0.78
98701,-12,1.27
98752,-12,0.29
98803,-12,0.78
98854,-12,0.78
98906,-12,0.29
98956,-12,0.78
99007,-12,0.78
99058,-12,0.29
99109,-12,0.78
99161,-12,1.27
99212,-12,0.78
99263,-12,1.27
99313,-12,0.78
99364,-12,1.27
99416,-12,1.76
99467,-12,1.27
99518,-12,0.78
99569,-12,0.78
99620,-12,0.78
99671,-12,0.78
99722,-12,0.29
99773,-12,1.27
99824,-12,0.29
99875,-12,0.78
99927,-12,0.78
99978,-12,0.78
100028,-12,0.78
100079,-12,0.29
100130,-12,0.29
100182,-12,0.78
100233,-12,0.29
100284,-12,0.29
100335,-12,1.27
100386,-12,0.29
100438,-12,0.78
100488,-12,0.29
100539,-12,1.27
100590,-12,0.78
100641,-12,0.78
100692,-12,0.78
100744,-12,0.29
100795,-12,0.29
100846,-12,0.78
100897,-12,0.29
100947,-12,1.27
100999,-12,0.78
101050,-12,0.29
101101,-12,0.29
101152,-12,0.29
101203,-12,0.29
101255,-12,0.78
101306,-12,0.29
101357,-12,0.78
101408,-12,-0.2
101458,-12,0.78
101510,-12,0.78
101561,-12,0.29
101612,-12,0.29
101663,-12,0.29
101714,-12,0.78
101766,-12,0.29
101817,-12,0.78
101868,-12,0.78
101918,-12,0.29
101969,-12,0.29
102021,-12,0.78
102072,-12,0.78
102123,-12,0.78
102174,-12,-0.2
102225,-12,0.78
102277,-12,1.27
102328,-12,0.78
102379,-12,0.29
102429,-12,0.78
102480,-12,0.29
102532,-12,0.29
102583,-12,-0.2
102634,-12,0.78
102685,-12,0.29
102736,-12,0.29
102788,-12,-0.2
102839,-12,0.78
102890,-12,0.29
102940,-12,0.78
102991,-12,0.29
103043,-12,-0.2
103094,-12,0.78
103145,-12,0.78
103196,-12,0.78
103247,-12,0.29
103299,-12,0.78
103350,-12,0.29
103400,-12,0.29
103451,-12,0.29
103502,-12,0.78
103554,-12,0.78
103605,-12,0.29
103656,-12,0.29
103707,-12,0.78
103758,-12,-0.2
103810,-12,0.29
103861,-12,-0.2
103911,-12,0.29
103962,-12,0.29
104013,-12,0.29
104065,-12,0.78
104116,-12,0.29
104167,-12,-0.2
104218,-12,0.29
104269,-12,-0.2
104321,-12,0.78
104371,-12,0.29
104422,-12,0.78
104473,-12,0.29
104524,-12,0.29
104576,-12,0.29
104627,-12,0.29
104678,-12,-0.2
104729,-12,0.29
104780,-12,-0.68
104830,-12,-0.2
104882,-12,0.29
104933,-12,0.29
104984,-12,0.29
105035,-12,0.29
105086,-12,0.29
105138,-12,0.29
105189,-12,-0.2
105240,-12,0.29
105291,-12,-0.68
105341,-12,-0.2
105393,-12,0.29
105444,-12,0.29
105495,-12,-0.2
105546,-12,-0.68
105597,-12,-0.2
105649,-12,0.29
105700,-12,0.29
105751,-12,-0.2
105801,-12,0.78
105852,-12,-0.68
105904,-12,0.29
105955,-12,0.29
106006,-12,0.29
106057,-12,-0.2
106108,-12,0.29
106160,-12,-0.2
106211,-12,-0.2
106262,-12,-0.2
106312,-12,0.29
106363,-12,0.29
106415,-12,-0.2
106466,-12,-0.2
106517,-12,0.29
106568,-12,-0.2
106619,-12,0.29
106671,-12,-0.2
106722,-12,0.29
106772,-12,-0.2
106823,-12,-0.2
106874,-12,0.29
106926,-12,-0.2
106977,-12,-0.2
107028,-12,-0.2
107079,-12,0.78
107130,-12,0.29
107182,-12,0.29
107233,-12,-0.2
107283,-12,0.29
107334,-12,-0.68
107385,-12,-0.2
107437,-12,-0.2
107488,-12,-0.68
107539,-12,0.29
107590,-12,-0.2
107641,-12,-0.2
107693,-12,-0.2
107743,-12,-0.68
107794,-12,-0.2
107845,-12,-0.2
107896,-12,0.78
107948,-12,0.29
107999,-12,-0.2
108050,-12,-0.2
108101,-12,0.29
108152,-12,-0.68
108204,-12,-0.68
108254,-12,-0.68
108305,-12,-0.2
108356,-12,-0.68
108407,-12,-0.2
108459,-12,0.29
108510,-12,-0.2
108561,-12,-0.68
108612,-12,-0.68
108663,-12,-0.2
108715,-12,-0.68
108765,-12,0.29
108816,-12,-0.68
108867,-12,-0.2
108918,-12,-0.2
108969,-12,-0.2
109021,-12,-0.68
109072,-12,-0.68
109123,-12,-0.68
109174,-12,-0.68
109225,-12,-0.68
109276,-12,-0.68
109327,-12,-0.68
109378,-12,-0.2
109429,-12,-0.2
109480,-12,-0.2
109532,-12,-0.68
109583,-12,-0.68
109634,-12,-0.2
109685,-12,-0.68
109736,-12,-0.68
109787,-12,-0.2
109838,-12,-0.2
109889,-12,-0.2
109940,-12,-0.2
109991,-12,-0.2
110043,-12,-0.2
110094,-12,-0.68
110145,-12,-0.68
110196,-12,-0.2
110247,-12,-0.2
110298,-12,-0.2
110349,-12,-0.2
110400,-12,-0.68
110451,-12,0.29
110502,-12,-0.68
110554,-12,-0.68
110605,-12,-0.2
110656,-12,-0.2
110707,-12,-0.2
110758,-12,-0.2
110809,-12,-0.2
110860,-12,-1.17
110911,-12,-0.68
110962,-12,-0.2
111013,-12,-0.2
111065,-12,-0.68
111116,-12,-0.2
111167,-12,-0.68
111218,-12,-0.2
111269,-12,-0.68
111320,-12,-0.2
111371,-12,-0.2
111422,-12,-0.2
111473,-12,-0.68
111524,-12,-0.2
111576,-12,-0.68
111627,-12,-0.2
111678,-12,-0.68
111729,-12,-0.2
111780,-12,-0.2
111831,-12,-0.2
111882,-12,-1.17
111933,-12,-0.2
111984,-12,-1.17
112035,-12,-0.68
112087,-12,-0.68
112138,-12,-0.2
112189,-12,-0.68
112240,-12,-0.2
112291,-12,0.29
112342,-12,-0.68
112393,-12,-0.68
112444,-12,-0.2
112495,-12,-0.68
112546,-12,-0.2
112598,-12,-0.2
112649,-12,-1.17
112700,-12,-0.2
112751,-12,-0.2
112802,-12,-0.2
112852,-12,-0.68
112904,-12,-0.2
112955,-12,-0.68
113006,-12,-0.68
113057,-12,-0.68
113108,-12,-0.2
113160,-12,-0.2
113211,-12,-0.2
113262,-12,-0.68
113312,-12,-1.17
113363,-12,-0.68
113415,-12,-0.68
113466,-12,-0.68
113517,-12,-0.68
113568,-12,-0.68
113619,-12,-0.68
113671,-12,-0.2
113722,-12,-0.68
113773,-12,-0.2
113824,-12,-0.68
113874,-12,-0.68
113926,-12,-0.68
113977,-12,-0.68
114028,-12,-0.2
114079,-12,-0.68
114130,-12,-0.68
114182,-12,-1.17
114233,-12,-0.68
114284,-12,-0.68
114335,-12,-0.68
114385,-12,-0.68
114437,-12,-0.2
114488,-12,-0.68
114539,-12,-1.17
114590,-12,-0.68
114641,-12,-1.17
114693,-12,-1.17
114744,-12,-0.68
114795,-12,-0.2
114846,-12,-1.17
114896,-12,-0.2
114948,-12,-0.2
114999,-12,-0.68
115050,-12,-0.2
115101,-12,-0.68
115152,-12,-0.68
115204,-12,-1.17
115255,-12,-1.17
115306,-12,-1.17
115357,-12,-0.2
115407,-12,-1.17
115459,-12,-0.2
115510,-12,-1.17
115561,-12,-1.17
115612,-12,-0.68
115663,-12,-1.17
115715,-12,-0.68
115766,-12,-0.68
115817,-12,-0.68
115868,-12,-0.68
115919,-12,-0.2
115970,-12,-0.68
116021,-12,-0.68
116072,-12,-0.68
116123,-12,-0.68
116174,-12,-1.17
116226,-12,-0.2
116277,-12,-0.2
116328,-12,-0.68
116379,-12,-0.68
116430,-12,-0.68
116481,-12,-0.68
116532,-12,-1.17
116583,-12,-0.68
116634,-12,-0.2
116685,-12,-0.68
116737,-12,-1.17
116788,-12,-0.68
116839,-12,-0.68
116890,-12,-0.68
116941,-12,-1.17
116992,-12,-1.17
117043,-12,-1.66
117094,-12,-0.68
117145,-12,-0.68
117196,-12,-0.68
117248,-12,-0.68
117299,-12,-0.2
117350,-12,-0.68
117401,-12,-1.17
117452,-12,-0.68
117502,-12,-1.66
117554,-12,-1.66
117605,-12,-0.68
117656,-12,-1.17
117707,-12,-1.66
117758,-12,-0.68
117810,-12,-1.17
117861,-12,-0.68
117912,-12,-1.17
117963,-12,-0.68
118013,-12,-1.17
118065,-12,-0.68
118116,-12,-0.68
118167,-12,-1.66
118218,-12,-0.68
118269,-12,-1.17
118321,-12,-0.68
118372,-12,-1.66
118423,-12,-1.17
118474,-12,-1.66
118525,-12,-1.66
118576,-12,-0.68
118627,-12,-1.17
118678,-12,-1.17
118729,-12,-0.68
118780,-12,-0.68
118832,-12,-0.2
118883,-12,-0.68
118934,-12,-1.66
118985,-12,-1.17
119036,-12,-0.68
119087,-12,-0.68
119138,-12,-1.17
119189,-12,-1.17
119240,-12,-0.68
119291,-12,-1.17
119343,-12,-1.17
119394,-12,-0.68
119445,-12,-1.17
119496,-12,-1.17
119547,-12,-1.66
119598,-12,-0.68
119649,-12,-1.17
119700,-12,-0.68
119751,-12,-1.17
119802,-12,-1.66
119854,-12,-1.17
119905,-12,-0.68
119956,-12,-1.17
120007,-12,-1.66
120058,-12,-1.17
120110,-12,-1.17
120160,-12,-1.17
120211,-12,-0.68
120262,-12,-1.17
120313,-12,-1.17
120365,-12,-1.17
120416,-12,-1.66
120467,-12,-1.17
120518,-12,-2.15
120569,-12,-1.17
120621,-12,-1.66
120672,-12,-0.68
120722,-12,-1.17
120773,-12,-0.68
120824,-12,-1.17
120876,-12,-1.17
120927,-12,-1.17
120978,-12,-1.17
121029,-12,-2.15
121080,-12,-1.66
121132,-12,-1.66
121183,-12,-2.15
121234,-12,-1.66
121284,-12,-0.68
121335,-12,-1.17
121387,-12,-1.17
121438,-12,-1.66
121489,-12,-1.66
121540,-12,-1.17
121591,-12,-1.17
121643,-12,-1.17
121694,-12,-1.17
121745,-12,-1.17
121795,-12,-1.66
121846,-12,-1.66
121897,-12,-0.68
121949,-12,-1.66
122000,-12,-0.68
122051,-12,-1.17
122102,-12,-1.66
122153,-12,-1.66
122205,-12,-1.17
122256,-12,-1.17
122307,-12,-1.66
122357,-12,-1.66
122408,-12,-1.66
122460,-12,-1.17
122511,-12,-1.66
122562,-12,-1.66
122613,-12,-1.17
122664,-12,-1.66
122716,-12,-1.66
122767,-12,-1.66
122818,-12,-1.17
122869,-12,-1.66
122919,-12,-1.17
122971,-12,-1.17
123022,-12,-1.66
123073,-12,-1.17
123124,-12,-1.66
123175,-12,-1.17
123227,-12,-0.68
123278,-12,-1.17
123329,-12,-1.66
123380,-12,-1.17
123430,-12,-1.66
123482,-12,-0.68
123533,-12,-1.17
123584,-12,-1.66
123635,-12,-1.17
123686,-12,-1.17
123738,-12,-1.17
123789,-12,-1.17
123840,-12,-1.66
123891,-12,-1.17
123942,-12,-1.66
123993,-12,-1.66
124044,-12,-1.66
124095,-12,-1.66
124146,-12,-1.17
124197,-12,-1.17
124249,-12,-1.66
124300,-12,-1.17
124351,-12,-1.17
124402,-12,-2.15
124453,-12,-1.66
124505,-12,-1.66
124555,-12,-1.66
124606,-12,-1.17
124657,-12,-1.66
124708,-12,-1.17
124760,-12,-2.15
124811,-12,-1.66
124862,-12,-1.17
124913,-12,-1.66
124964,-12,-1.66
125016,-12,-1.66
125066,-12,-1.17
125117,-12,-1.17
125168,-12,-2.15
125219,-12,-1.66
125271,-12,-1.17
125322,-12,-1.17
125373,-12,-2.15
125424,-12,-1.66
125475,-12,-1.66
125527,-12,-1.66
125578,-12,-1.17
125628,-12,-1.66
125679,-12,-1.66
125730,-12,-1.66
125782,-12,-1.66
125833,-12,-1.66
125884,-12,-1.66
125935,-12,-1.66
125986,-12,-2.15
126038,-12,-1.66
126089,-12,-1.66
126140,-12,-1.17
126190,-12,-1.66
126241,-12,-2.15
126292,-12,-2.15
126344,-12,-1.66
126395,-12,-1.66
126446,-12,-1.66
126497,-12,-1.66
126548,-12,-1.66
126600,-12,-2.15
126651,-12,-1.66
126702,-12,-2.64
126752,-12,-1.66
126803,-12,-2.15
126855,-12,-2.15
126906,-12,-2.15
126957,-12,-1.17
127008,-12,-2.15
127059,-12,-1.66
127111,-12,-1.17
127162,-12,-1.66
127213,-12,-1.66
127263,-12,-1.17
127314,-12,-1.17
127366,-12,-1.66
127417,-12,-1.66
127468,-12,-1.66
127519,-12,-1.66
127570,-12,-1.66
127622,-12,-2.15
127673,-12,-1.17
127724,-12,-1.66
127775,-12,-2.15
127825,-12,-1.66
127877,-12,-1.66
127928,-12,-1.66
127979,-12,-1.66
128030,-12,-1.66
128081,-12,-1.66
128133,-12,-2.15
128184,-12,-1.66
128235,-12,-1.66
128286,-12,-1.66
128337,-12,-1.66
128388,-12,-1.17
128439,-12,-1.66
128490,-12,-1.66
128541,-12,-1.17
128592,-12,-1.66
128644,-12,-2.15
128695,-12,-1.66
128746,-12,-1.66
128797,-12,-1.66
128848,-12,-2.64
128899,-12,-1.66
128950,-12,-1.17
129001,-12,-2.15
129052,-12,-2.15
129103,-12,-1.66
129155,-12,-1.66
129206,-12,-1.66
129257,-12,-1.66
129308,-12,-1.66
129359,-12,-1.66
129411,-12,-1.66
129461,-12,-2.15
129512,-12,-2.15
129563,-12,-2.15
129614,-12,-2.15
129666,-12,-2.15
129717,-12,-2.15
129768,-12,-1.66
129819,-12,-2.15
129870,-12,-1.66
129922,-12,-2.64
129973,-12,-1.66
130023,-12,-2.15
130074,-12,-1.66
130125,-12,-2.15
130177,-12,-1.66
130228,-12,-1.66
130279,-12,-2.64
130330,-12,-2.15
130381,-12,-2.15
130433,-12,-1.66
130484,-12,-1.66
130535,-12,-1.66
130585,-12,-1.66
130636,-12,-2.15
130688,-12,-2.15
130739,-12,-2.15
130790,-12,-1.17
130841,-12,-2.64
130892,-12,-2.15
130944,-12,-1.66
130995,-12,-2.15
131046,-12,-2.15
131097,-12,-2.15
131147,-12,-1.66
131198,-12,-1.66
131250,-12,-2.15
131301,-12,-1.66
131352,-12,-2.15
131403,-12,-2.64
131454,-12,-2.64
131506,-12,-2.15
131557,-12,-2.15
131608,-12,-2.64
131658,-12,-2.64
131709,-12,-3.12
131761,-12,-2.15
131812,-12,-2.15
131863,-12,-2.64
131914,-12,-2.64
131965,-12,-2.64
132017,-12,-2.64
132068,-12,-2.64
132119,-12,-3.12
132170,-12,-2.64
132220,-12,-2.15
132272,-12,-3.12
132323,-12,-3.12
132374,-12,-2.15
132425,-12,-2.64
132476,-12,-2.15
132528,-12,-2.15
132579,-12,-2.64
132630,-12,-1.66
132681,-12,-2.64
132732,-12,-2.64
132783,-12,-2.64
132834,-12,-2.64
132885,-12,-2.64
132936,-12,-2.64
132987,-12,-3.12
133039,-12,-2.64
133090,-12,-1.66
133141,-12,-2.15
133192,-12,-2.64
133243,-12,-2.64
133295,-12,-2.64
133345,-12,-2.15
133396,-12,-2.64
133447,-12,-2.64
133498,-12,-3.12
133550,-12,-2.15
133601,-12,-1.66
133652,-12,-1.66
133703,-12,-2.64
133754,-12,-2.64
133806,-12,-2.15
133856,-12,-2.64
133907,-12,-2.15
133958,-12,-2.64
134009,-12,-3.61
134061,-12,-2.64
134112,-12,-2.64
134163,-12,-3.12
134214,-12,-2.15
134265,-12,-3.12
134317,-12,-2.15
134368,-12,-3.12
134418,-12,-3.12
134469,-12,-2.64
134520,-12,-3.12
134572,-12,-2.64
134623,-12,-2.64
134674,-12,-2.64
134725,-12,-2.64
134776,-12,-2.64
134828,-12,-2.64
134879,-12,-3.12
134930,-12,-2.15
134980,-12,-2.15
135031,-12,-2.15
135083,-12,-2.64
135134,-12,-2.15
135185,-12,-2.64
135236,-12,-2.64
135287,-12,-1.66
135339,-12,-2.15
135390,-12,-2.15
135441,-12,-2.15
135492,-12,-1.66
135542,-12,-2.15
135593,-12,-2.64
135645,-12,-2.15
135696,-12,-2.64
135747,-12,-2.64
135798,-12,-2.64
135849,-12,-2.15
135901,-12,-2.64
135952,-12,-2.64
136003,-12,-2.15
136054,-12,-2.15
136104,-12,-3.12
136156,-12,-2.15
136207,-12,-2.64
136258,-12,-2.15
136309,-12,-2.64
136360,-12,-2.15
136412,-12,-2.64
136463,-12,-2.64
136514,-12,-2.64
136565,-12,-3.12
136615,-12,-2.64
136667,-12,-2.15
136718,-12,-2.64
136769,-12,-2.64
136820,-12,-2.15
136871,-12,-2.64
136923,-12,-2.64
136974,-12,-2.64
137025,-12,-3.12
137076,-12,-3.12
137127,-12,-2.64
137178,-12,-3.12
137229,-12,-3.12
137280,-12,-3.12
137331,-12,-3.12
137382,-12,-2.64
137434,-12,-2.15
137485,-12,-2.64
137536,-12,-2.15
137587,-12,-2.15
137638,-12,-3.12
137690,-12,-3.12
137740,-12,-2.64
137791,-12,-2.15
137842,-12,-3.61
137893,-12,-2.64
137945,-12,-3.61
137996,-12,-2.64
138047,-12,-2.64
138098,-12,-3.12
138149,-12,-2.64
138201,-12,-2.64
138252,-12,-2.64
138302,-12,-3.12
138353,-12,-2.64
138404,-12,-2.64
138456,-12,-2.64
138507,-12,-2.15
138558,-12,-2.64
138609,-12,-2.64
138660,-12,-2.64
138712,-12,-3.12
138763,-12,-2.64
138814,-12,-2.64
138864,-12,-3.12
138915,-12,-3.61
138967,-12,-3.12
139018,-12,-3.12
139069,-12,-2.64
139120,-12,-3.12
139171,-12,-2.64
139223,-12,-2.64
139274,-12,-1.66
139325,-12,-3.61
139375,-12,-2.15
139426,-12,-3.12
139478,-12,-2.64
139529,-12,-2.15
139580,-12,-2.64
139631,-12,-2.15
139682,-12,-2.15
139734,-12,-2.15
139785,-12,-3.12
139836,-12,-2.64
139887,-12,-3.12
139937,-12,-2.64
139988,-12,-2.64
140040,-12,-2.64
140091,-12,-3.12
140142,-12,-3.61
140193,-12,-3.12
140244,-12,-3.61
140296,-12,-2.64
140347,-12,-3.12
140398,-12,-2.64
140449,-12,-3.12
140500,-12,-3.12
140551,-12,-2.64
140602,-12,-2.64
140653,-12,-3.12
140704,-12,-3.12
140755,-12,-2.64
140807,-12,-2.64
140858,-12,-3.61
140909,-12,-3.12
140960,-12,-2.64
141011,-12,-3.12
141063,-12,-2.15
141113,-12,-3.61
141164,-12,-2.15
141215,-12,-3.12
141266,-12,-3.12
141318,-12,-3.12
141369,-12,-3.61
141420,-12,-3.61
141471,-12,-3.12
141522,-12,-3.12
141574,-12,-3.61
141625,-12,-2.64
141675,-12,-4.1
141726,-12,-3.12
141777,-12,-3.12
141829,-12,-2.64
141880,-12,-3.61
141931,-12,-3.12
141982,-12,-2.64
142033,-12,-2.64
142085,-12,-3.12
142136,-12,-2.64
142186,-12,-2.64
142237,-12,-3.12
142288,-12,-3.12
142340,-12,-3.12
142391,-12,-2.64
142442,-12,-3.61
142493,-12,-3.12
142544,-12,-3.12
142596,-12,-2.64
142647,-12,-3.12
142698,-12,-3.12
142748,-12,-3.12
142799,-12,-3.61
142851,-12,-2.15
142902,-12,-2.64
142953,-12,-3.12
143004,-12,-3.12
143055,-12,-3.12
143107,-12,-3.61
143158,-12,-3.12
143209,-12,-2.64
143260,-12,-2.64
143310,-12,-3.12
143362,-12,-2.64
143413,-12,-3.12
143464,-12,-3.12
143515,-12,-3.12
143566,-12,-3.12
143618,-12,-2.64
143669,-12,-3.12
143720,-12,-3.12
143771,-12,-2.64
143822,-12,-3.61
143873,-12,-3.61
143924,-12,-2.64
143975,-12,-2.64
144026,-12,-2.64
144077,-12,-3.12
144129,-12,-4.1
144180,-12,-3.12
144231,-12,-3.12
144282,-12,-3.12
144333,-12,-2.64
144385,-12,-3.61
144435,-12,-3.12
144486,-12,-3.12
144537,-12,-3.61
144588,-12,-3.12
144640,-12,-3.12
144691,-12,-3.12
144742,-12,-2.64
144793,-12,-3.61
144844,-12,-3.12
144896,-12,-2.64
144947,-12,-2.64
144997,-12,-3.12
145048,-12,-3.12
145099,-12,-3.12
145150,-12,-3.12
145202,-12,-3.12
145253,-12,-3.12
145304,-12,-3.12
145355,-12,-3.12
145406,-12,-3.61
145458,-12,-4.1
145508,-12,-3.61
145559,-12,-3.61
145610,-12,-3.61
145661,-12,-3.61
145713,-12,-3.12
145764,-12,-3.12
145815,-12,-3.61
145866,-12,-3.12
145917,-12,-3.12
145969,-12,-3.12
146020,-12,-3.12
146070,-12,-3.12
146121,-12,-3.12
146172,-12,-3.12
146224,-12,-2.64
146275,-12,-3.61
146326,-12,-3.12
146377,-12,-3.61
146428,-12,-3.12
146480,-12,-3.12
146531,-12,-3.12
146582,-12,-3.61
146632,-12,-3.12
146683,-12,-3.61
146735,-12,-3.61
146786,-12,-3.61
146837,-12,-3.12
146888,-12,-3.12
146939,-12,-3.12
146991,-12,-3.12
147042,-12,-3.61
147093,-12,-3.12
147144,-12,-3.61
147194,-12,-3.12
147246,-12,-3.12
147297,-12,-3.61
147348,-12,-3.12
147399,-12,-3.12
147450,-12,-3.12
147502,-12,-3.12
147553,-12,-3.12
147604,-12,-3.12
147655,-12,-3.12
147706,-12,-3.12
147757,-12,-3.61
147808,-12,-3.61
147859,-12,-3.12
147910,-12,-3.61
147961,-12,-4.1
148013,-12,-3.12
148064,-12,-3.61
148115,-12,-4.1
148166,-12,-3.61
148217,-12,-3.61
148269,-12,-3.12
148319,-12,-3.12
148370,-12,-3.12
148421,-12,-3.12
148472,-12,-3.61
148524,-12,-3.12
148575,-12,-3.61
148626,-12,-4.59
148677,-12,-3.12
148728,-12,-3.12
148780,-12,-3.12
148831,-12,-2.64
148881,-12,-3.12
148932,-12,-3.61
148983,-12,-4.1
149035,-12,-3.61
149086,-12,-3.61
149137,-12,-2.64
149188,-12,-3.61
149239,-12,-3.61
149291,-12,-3.61
149342,-12,-3.61
149392,-12,-3.61
149443,-12,-3.61
149494,-12,-3.12
149545,-12,-4.1
149597,-12,-3.61
149648,-12,-3.61
149699,-12,-3.12
149750,-12,-3.61
149801,-12,-3.61
149853,-12,-3.61
149904,-12,-3.12
149954,-12,-3.12
150005,-12,-3.61
150056,-12,-3.61
150108,-12,-3.61
150159,-12,-3.61
150210,-12,-3.61
150261,-12,-3.61
150312,-12,-3.12
150364,-12,-3.12
150415,-12,-3.61
150466,-12,-4.1
150516,-12,-3.61
150567,-12,-4.1
150619,-12,-3.61
150670,-12,-3.61
150721,-12,-4.1
150772,-12,-4.1
150823,-12,-3.12
150875,-12,-4.1
150926,-12,-3.61
150977,-12,-4.1
151028,-12,-4.1
151078,-12,-4.1
151130,-12,-3.61
151181,-12,-4.1
151232,-12,-3.61
151283,-12,-3.61
151334,-12,-4.1
151386,-12,-4.1
151437,-12,-3.12
151488,-12,-4.59
151539,-12,-4.59
151589,-12,-3.61
151641,-12,-4.1
151692,-12,-4.1
151743,-12,-3.61
151794,-12,-4.1
151845,-12,-3.61
151897,-12,-3.61
151948,-12,-3.61
151999,-12,-3.61
152050,-12,-3.61
152101,-12,-3.61
152152,-12,-3.61
152203,-12,-3.61
152254,-12,-3.12
152305,-12,-4.1
152356,-12,-3.61
152408,-12,-3.61
152459,-12,-3.61
152510,-12,-3.12
152561,-12,-3.61
152612,-12,-3.61
152664,-12,-3.61
152714,-12,-3.61
152765,-12,-3.61
152816,-12,-3.61
152867,-12,-3.61
152919,-12,-3.61
152970,-12,-3.61
153021,-12,-4.1
153072,-12,-3.61
153123,-12,-3.12
153175,-12,-3.61
153226,-12,-3.61
153276,-12,-3.61
153327,-12,-4.1
153378,-12,-4.1
153430,-12,-3.61
153481,-12,-3.12
153532,-12,-3.61
153583,-12,-3.61
153634,-12,-3.61
153686,-12,-3.61
153737,-12,-3.61
153788,-12,-4.1
153838,-12,-3.61
153889,-12,-4.1
153940,-12,-4.59
153992,-12,-3.12
154043,-12,-4.1
154094,-12,-3.61
154145,-12,-4.1
154196,-12,-3.61
154248,-12,-4.1
154299,-12,-3.12
154349,-12,-3.61
154400,-12,-3.61
154451,-12,-3.61
154503,-12,-3.61
154554,-12,-4.1
154605,-12,-4.1
154656,-12,-4.1
154707,-12,-4.1
154759,-12,-3.61
154810,-12,-3.61
154861,-12,-3.61
154911,-12,-4.1
154962,-12,-4.1
155014,-12,-3.12
155065,-12,-3.12
155116,-12,-3.12
155167,-12,-4.1
155218,-12,-4.1
155270,-12,-4.1
155321,-12,-3.12
155372,-12,-3.61
155423,-12,-3.61
155473,-12,-4.1
155525,-12,-3.12
155576,-12,-3.61
155627,-12,-3.61
155678,-12,-3.61
155729,-12,-4.1
155781,-12,-4.1
155832,-12,-4.1
155883,-12,-3.61
155934,-12,-3.12
155984,-12,-3.61
156036,-12,-3.61
156087,-12,-3.61
156138,-12,-4.1
156189,-12,-3.61
156240,-12,-4.1
156292,-12,-3.61
156343,-12,-4.1
156394,-12,-4.1
156445,-12,-4.1
156496,-12,-4.1
156547,-12,-3.61
156598,-12,-4.59
156649,-12,-4.1
156700,-12,-4.1
156751,-12,-3.61
156803,-12,-4.1
156854,-12,-4.59
156905,-12,-4.1
156956,-12,-4.1
157007,-12,-4.59
157058,-12,-4.1
157109,-12,-4.1
157160,-12,-4.1
157211,-12,-3.61
157262,-12,-4.1
157314,-12,-4.1
157365,-12,-4.1
157416,-12,-4.1
157467,-12,-4.1
157518,-12,-4.1
157570,-12,-3.61
157620,-12,-4.1
157671,-12,-4.1
157722,-12,-3.61
157773,-12,-3.61
157825,-12,-4.1
157876,-12,-3.61
157927,-12,-3.61
157978,-12,-4.1
158029,-12,-4.59
158081,-12,-4.1
158131,-12,-4.1
158182,-12,-4.1
158233,-12,-4.1
158284,-12,-3.61
158336,-12,-3.61
158387,-12,-4.1
158438,-12,-3.61
158489,-12,-4.1
158540,-12,-4.59
158592,-12,-3.61
158643,-12,-4.1
158693,-12,-3.61
158744,-12,-4.1
158795,-12,-3.61
158846,-12,-3.61
158898,-12,-5.08
158949,-12,-3.61
159000,-12,-3.61
159051,-12,-3.61
159102,-12,-3.61
159154,-12,-4.1
159204,-12,-4.1
159255,-12,-4.1
159306,-12,-3.61
159357,-12,-4.59
159409,-12,-4.1
159460,-12,-3.61
159511,-12,-3.61
159562,-12,-4.59
159613,-12,-4.59
159665,-12,-3.61
159716,-12,-3.61
159766,-12,-4.59
159817,-12,-3.61
159868,-12,-4.59
159920,-12,-3.61
159971,-12,-3.61
160022,-12,-4.1
160073,-12,-4.1
160124,-12,-4.1
160176,-12,-4.1
160227,-12,-5.08
160278,-12,-4.1
160328,-12,-4.1
160379,-12,-3.61
160431,-12,-4.1
160482,-12,-4.1
160533,-12,-4.1
160584,-12,-3.61
160635,-12,-4.59
160687,-12,-4.1
160738,-12,-4.59
160789,-12,-3.61
160839,-12,-4.1
160890,-12,-4.59
160942,-12,-4.59
160993,-12,-4.1
161044,-12,-4.1
161095,-12,-4.59
161146,-12,-4.1
161198,-12,-4.59
161249,-12,-5.08
161300,-12,-4.1
161351,-12,-3.61
161401,-12,-4.59
161453,-12,-3.61
161504,-12,-4.59
161555,-12,-4.1
161606,-12,-4.1
161657,-12,-4.1
161709,-12,-4.1
161760,-12,-4.1
161811,-12,-4.1
161862,-12,-4.59
161912,-12,-4.59
161964,-12,-3.61
162015,-12,-4.1
162066,-12,-3.61
162117,-12,-4.59
162168,-12,-4.1
162220,-12,-4.1
162271,-12,-4.59
162322,-12,-4.59
162373,-12,-4.1
162424,-12,-4.1
162475,-12,-4.59
162526,-12,-4.1
162577,-12,-4.1
162628,-12,-4.1
162679,-12,-4.1
162731,-12,-4.1
162782,-12,-4.1
162833,-12,-4.1
162884,-12,-4.1
162935,-12,-4.1
162985,-12,-3.61
163037,-12,-4.59
163088,-12,-3.61
163139,-12,-4.59
163190,-12,-4.1
163241,-12,-4.1
163293,-12,-4.1
163344,-12,-4.1
163395,-12,-4.1
163446,-12,-4.1
163496,-12,-4.59
163548,-12,-4.1
163599,-12,-4.1
163650,-12,-4.59
163701,-12,-4.59
163752,-12,-5.08
163804,-12,-4.1
163855,-12,-4.59
163906,-12,-4.1
163957,-12,-4.59
164008,-12,-4.59
164059,-12,-4.1
164110,-12,-4.59
164161,-12,-4.1
164212,-12,-4.1
164263,-12,-4.59
164315,-12,-4.1
164366,-12,-4.59
164417,-12,-5.08
164468,-12,-4.59
164519,-12,-4.59
164570,-12,-4.1
164621,-12,-4.1
164672,-12,-4.59
164723,-12,-4.1
164774,-12,-4.1
164826,-12,-3.61
164877,-12,-4.59
164928,-12,-3.61
164979,-12,-4.1
165030,-12,-4.1
165082,-12,-4.59
165132,-12,-4.59
165183,-12,-4.1
165234,-12,-5.08
165285,-12,-4.59
165337,-12,-4.59
165388,-12,-4.59
165439,-12,-4.59
165490,-12,-4.1
165541,-12,-4.1
165593,-12,-4.59
165643,-12,-4.59
165694,-12,-4.59
165745,-12,-4.1
165796,-12,-4.59
165848,-12,-4.59
165899,-12,-4.59
165950,-12,-4.59
166001,-12,-4.1
166052,-12,-4.59
166104,-12,-4.1
166155,-12,-5.57
166205,-12,-5.08
166256,-12,-4.1
166307,-12,-4.1
166359,-12,-4.59
166410,-12,-4.59
166461,-12,-4.59
166512,-12,-4.1
166563,-12,-4.59
166615,-12,-3.61
166666,-12,-4.59
166716,-12,-4.59
166767,-12,-4.59
166818,-12,-4.1
166870,-12,-4.1
166921,-12,-4.1
166972,-12,-4.1
167023,-12,-5.08
167074,-12,-4.59
167126,-12,-4.59
167177,-12,-4.59
167228,-12,-4.1
167278,-12,-4.59
167329,-12,-5.08
167380,-12,-4.1
167432,-12,-4.59
167483,-12,-5.08
167534,-12,-4.1
167585,-12,-4.59
167636,-12,-4.59
167688,-12,-3.61
167739,-12,-4.1
167789,-12,-4.59
167840,-12,-4.59
167891,-12,-5.08
167943,-12,-4.59
167994,-12,-4.59
168045,-12,-4.1
168096,-12,-4.1
168147,-12,-4.59
168199,-12,-4.59
168250,-12,-4.1
168301,-12,-5.08
168351,-12,-4.59
168402,-12,-4.1
168454,-12,-4.59
168505,-12,-4.59
168556,-12,-5.08
168607,-12,-4.1
168658,-12,-4.1
168710,-12,-4.59
168761,-12,-4.59
168812,-12,-4.59
168862,-12,-4.1
168913,-12,-4.59
168965,-12,-4.59
169016,-12,-4.59
169067,-12,-5.08
169118,-12,-4.59
169169,-12,-5.08
169221,-12,-5.08
169272,-12,-5.08
169323,-12,-4.59
169374,-12,-4.59
169424,-12,-4.59
169476,-12,-5.08
169527,-12,-5.08
169578,-12,-5.08
169629,-12,-5.57
169680,-12,-4.59
169732,-12,-4.59
169783,-12,-4.59
169834,-12,-5.08
169885,-12,-4.59
169935,-12,-4.59
169987,-12,-5.08
170038,-12,-4.59
170089,-12,-5.08
170140,-12,-5.08
170191,-12,-4.1
170243,-12,-4.59
170294,-12,-4.59
170345,-12,-4.59
170396,-12,-4.59
170446,-12,-5.08
170498,-12,-5.08
170549,-12,-4.59
170600,-12,-4.59
170651,-12,-5.08
170702,-12,-5.08
170754,-12,-5.08
170805,-12,-5.08
170856,-12,-5.08
170907,-12,-4.59
170957,-12,-4.59
171009,-12,-5.08
171060,-12,-4.59
171111,-12,-5.08
171162,-12,-4.59
171213,-12,-5.08
171265,-12,-4.59
171316,-12,-5.57
171367,-12,-5.08
171418,-12,-5.08
171469,-12,-5.08
171520,-12,-5.57
171571,-12,-4.1
171622,-12,-5.57
171673,-12,-5.08
171724,-12,-5.08
171776,-12,-5.57
171827,-12,-4.59
171878,-12,-5.08
171929,-12,-4.59
171980,-12,-5.08
172030,-12,-4.1
172082,-12,-5.57
172133,-12,-4.59
172184,-12,-5.08
172235,-12,-6.05
172286,-12,-5.08
172338,-12,-5.57
172389,-12,-5.08
172440,-12,-5.57
172491,-12,-4.59
172541,-12,-5.08
172593,-12,-5.08
172644,-12,-4.59
172695,-12,-5.57
172746,-12,-5.08
172797,-12,-5.57
172849,-12,-5.08
172900,-12,-5.57
172951,-12,-5.57
173002,-12,-4.59
173053,-12,-4.59
173104,-12,-4.59
173155,-12,-5.08
173206,-12,-5.08
173257,-12,-5.57
173308,-12,-5.08
173360,-12,-5.08
173411,-12,-5.08
173462,-12,-5.08
173513,-12,-5.08
173564,-12,-5.08
173615,-12,-5.08
173666,-12,-5.57
173717,-12,-5.08
173768,-12,-4.59
173819,-12,-5.57
173871,-12,-5.57
173922,-12,-6.05
173973,-12,-5.57
174024,-12,-5.57
174075,-12,-5.08
174127,-12,-5.57
174177,-12,-4.59
174228,-12,-5.57
174279,-12,-5.08
174330,-12,-6.05
174382,-12,-5.57
174433,-12,-5.08
174484,-12,-5.57
174535,-12,-4.59
174586,-12,-4.59
174638,-12,-5.08
174688,-12,-5.08
174739,-12,-5.57
174790,-12,-5.57
174841,-12,-5.08
174893,-12,-5.08
174944,-12,-5.08
174995,-12,-5.08
175046,-12,-5.08
175097,-12,-5.08
175149,-12,-5.57
175200,-12,-5.08
175250,-12,-4.59
175301,-12,-5.08
175352,-12,-5.57
175404,-12,-4.59
175455,-12,-6.05
175506,-12,-5.08
175557,-12,-5.57
175608,-12,-5.08
175660,-12,-5.08
175711,-12,-5.57
175761,-12,-5.57
175812,-12,-5.57
175863,-12,-5.08
175915,-12,-5.57
175966,-12,-5.08
176017,-12,-5.57
176068,-12,-5.57
176119,-12,-6.05
176171,-12,-5.08
176222,-12,-6.05
176272,-12,-5.08
176323,-12,-5.08
176374,-12,-5.57
176425,-12,-5.57
176477,-12,-5.57
176528,-12,-5.57
176579,-12,-5.57
176630,-12,-5.08
176681,-12,-5.57
176733,-12,-5.57
176784,-12,-6.05
176834,-12,-6.05
176885,-12,-6.05
176936,-12,-5.57
176988,-12,-5.57
177039,-12,-5.08
177090,-12,-6.05
177141,-12,-6.05
177192,-12,-5.57
177244,-12,-5.57
177295,-12,-5.57
177345,-12,-5.57
177396,-12,-5.57
177447,-12,-5.57
177499,-12,-6.05
177550,-12,-6.05
177601,-12,-5.57
177652,-12,-5.57
177703,-12,-6.05
177755,-12,-5.57
177806,-12,-5.57
177857,-12,-6.05
177907,-12,-6.05
177958,-12,-5.57
178010,-12,-6.05
178061,-12,-5.57
178112,-12,-6.05
178163,-12,-6.05
178214,-12,-6.05
178266,-12,-5.57
178317,-12,-6.05
178368,-12,-6.05
178418,-12,-5.57
178469,-12,-5.57
178521,-12,-5.57
178572,-12,-5.57
178623,-12,-5.57
178674,-12,-5.57
178725,-12,-6.05
178777,-12,-6.54
178828,-12,-5.57
178879,-12,-6.05
178930,-12,-6.05
178980,-12,-6.54
179032,-12,-6.05
179083,-12,-6.05
179134,-12,-6.05
179185,-12,-5.08
179236,-12,-5.57
179288,-12,-5.57
179339,-12,-6.54
179390,-12,-6.05
179441,-12,-6.05
179491,-12,-5.57
179543,-12,-5.08
179594,-12,-5.57
179645,-12,-6.05
179696,-12,-6.05
179747,-12,-6.54
179799,-12,-5.57
179850,-12,-6.05
179901,-12,-6.05
179952,-12,-6.05
180002,-12,-6.05
180054,-12,-6.54
180105,-12,-6.05
180156,-12,-6.54
180207,-12,-5.57
180258,-12,-5.57
180310,-12,-5.57
180361,-12,-5.57
180412,-12,-5.57
180463,-12,-6.05
180514,-12,-5.57
180564,-12,-5.57
180616,-12,-5.57
180667,-12,-5.57
180718,-12,-5.08
180769,-12,-5.08
180820,-12,-5.57
180872,-12,-5.57
180923,-12,-5.57
180974,-12,-5.57
181025,-12,-5.08
181075,-12,-6.05
181127,-12,-5.57
181178,-12,-6.05
181229,-12,-5.57
181280,-12,-5.57
181331,-12,-6.05
181383,-12,-5.57
181434,-12,-6.05
181485,-12,-5.57
181536,-12,-5.08
181587,-12,-5.08
181638,-12,-5.08
181689,-12,-5.57
181740,-12,-5.57
181791,-12,-5.57
181842,-12,-5.57
181894,-12,-5.57
181945,-12,-6.05
181996,-12,-5.57
182047,-12,-5.08
182098,-12,-5.08
182149,-12,-5.57
182200,-12,-5.57
182251,-12,-6.05
182302,-12,-6.05
182353,-12,-5.08
182405,-12,-5.57
182456,-12,-6.05
182507,-12,-5.57
182558,-12,-6.05
182609,-12,-5.57
182661,-12,-5.08
182711,-12,-5.08
182762,-12,-5.57
182813,-12,-5.08
182864,-12,-6.05
182916,-12,-5.57
182967,-12,-6.05
183018,-12,-5.57
183069,-12,-5.57
183120,-12,-5.57
183172,-12,-5.57
183222,-12,-5.08
183273,-12,-5.57
183324,-12,-5.57
183375,-12,-6.05
183427,-12,-5.57
183478,-12,-5.08
183529,-12,-5.57
183580,-12,-5.57
183631,-12,-5.57
183683,-12,-6.05
183734,-12,-6.05
183784,-12,-5.57
183835,-12,-5.08
183886,-12,-5.57
183938,-12,-6.05
183989,-12,-5.57
184040,-12,-6.05
184091,-12,-5.57
184142,-12,-5.57
184194,-12,-5.57
184245,-12,-5.57
184295,-12,-5.57
184346,-12,-6.05
184397,-12,-6.05
184449,-12,-6.05
184500,-12,-6.05
184551,-12,-5.57
184602,-12,-6.05
184653,-12,-5.57
184705,-12,-5.57
184756,-12,-6.05
184807,-12,-5.57
184857,-12,-6.05
184908,-12,-6.54
184960,-12,-5.57
185011,-12,-5.57
185062,-12,-6.05
185113,-12,-6.05
185164,-12,-6.05
185216,-12,-6.05
185267,-12,-6.54
185318,-12,-6.05
185368,-12,-5.57
185419,-12,-5.57
185470,-12,-5.57
185522,-12,-5.57
185573,-12,-6.05
185624,-12,-6.05
185675,-12,-5.57
185726,-12,-6.05
185778,-12,-6.05
185829,-12,-5.57
185879,-12,-6.54
185930,-12,-6.54
185981,-12,-7.03
186033,-12,-5.57
186084,-12,-6.54
186135,-12,-6.54
186186,-12,-5.57
186237,-12,-6.05
186289,-12,-6.05
186340,-12,-6.05
186391,-12,-6.05
186441,-12,-6.05
186492,-12,-6.05
186544,-12,-6.05
186595,-12,-6.05
186646,-12,-5.57
186697,-12,-7.03
186748,-12,-6.05
186800,-12,-6.54
186851,-12,-6.54
186902,-12,-6.05
186952,-12,-6.54
187003,-12,-6.05
187055,-12,-6.54
187106,-12,-5.57
187157,-12,-5.57
187208,-12,-6.05
187259,-12,-5.57
187311,-12,-6.54
187362,-12,-6.05
187413,-12,-6.05
187463,-12,-6.54
187514,-12,-6.05
187566,-12,-6.54
187617,-12,-6.05
187668,-12,-6.05
187719,-12,-6.54
187770,-12,-7.03
187822,-12,-6.54
187873,-12,-6.54
187924,-12,-5.57
187975,-12,-6.54
188025,-12,-6.54
188077,-12,-6.05
188128,-12,-6.54
188179,-12,-6.05
188230,-12,-6.05
188281,-12,-6.05
188333,-12,-6.54
188384,-12,-5.57
188435,-12,-6.05
188486,-12,-6.05
188537,-12,-7.03
188588,-12,-6.54
188639,-12,-6.05
188690,-12,-6.05
188741,-12,-6.54
188792,-12,-6.54
188844,-12,-7.03
188895,-12,-6.05
188946,-12,-6.05
188997,-12,-5.57
189048,-12,-6.05
189099,-12,-6.05
189150,-12,-5.57
189201,-12,-7.03
189252,-12,-6.05
189303,-12,-6.05
189355,-12,-6.05
189406,-12,-5.57
189457,-12,-6.54
189508,-12,-6.54
189559,-12,-5.57
189609,-12,-6.05
189661,-12,-6.05
189712,-12,-6.54
189763,-12,-5.57
189814,-12,-6.05
189865,-12,-6.54
189917,-12,-6.54
189968,-12,-6.54
190019,-12,-6.05
190070,-12,-5.57
190121,-12,-6.05
190172,-12,-6.05
190223,-12,-6.05
190274,-12,-7.03
190325,-12,-6.05
190376,-12,-6.05
190428,-12,-6.05
190479,-12,-6.54
190530,-12,-6.05
190581,-12,-6.05
190632,-12,-6.05
190683,-12,-5.57
190734,-12,-6.54
190785,-12,-5.57
190836,-12,-5.57
190887,-12,-6.05
190939,-12,-6.54
190990,-12,-5.08
191041,-12,-6.05
191092,-12,-6.05
191143,-12,-6.05
191195,-12,-6.54
191245,-12,-6.54
191296,-12,-6.54
191347,-12,-6.54
191398,-12,-6.54
191450,-12,-6.05
191501,-12,-6.54
191552,-12,-6.05
191603,-12,-6.05
191654,-12,-6.05
191706,-12,-6.54
191757,-12,-7.03
191807,-12,-6.05
191858,-12,-6.05
191909,-12,-6.05
191961,-12,-5.57
192012,-12,-5.57
192063,-12,-6.05
192114,-12,-6.05
192165,-12,-6.05
192217,-12,-5.57
192268,-12,-6.05
192318,-12,-6.05
192369,-12,-6.05
192420,-12,-6.05
192472,-12,-7.03
192523,-12,-6.05
192574,-12,-6.05
192625,-12,-6.05
192676,-12,-6.05
192728,-12,-5.57
192779,-12,-5.57
192829,-12,-6.54
192880,-12,-5.57
192931,-12,-6.54
192983,-12,-6.05
193034,-12,-6.05
193085,-12,-6.05
193136,-12,-6.05
193187,-12,-6.54
193239,-12,-6.54
193290,-12,-6.54
193341,-12,-6.54
193391,-12,-6.05
193442,-12,-6.05
193494,-12,-7.03
193545,-12,-6.54
193596,-12,-7.03
193647,-12,-6.54
193698,-12,-6.05
193750,-12,-6.54
193801,-12,-6.05
193852,-12,-6.05
193902,-12,-6.54
193953,-12,-6.54
194004,-12,-6.05
194056,-12,-6.05
194107,-12,-6.05
194158,-12,-6.54
194209,-12,-6.05
194260,-12,-6.54
194312,-12,-6.54
194363,-12,-6.05
194414,-12,-6.54
194464,-12,-6.54
194515,-12,-7.03
194567,-12,-7.03
194618,-12,-6.54
194669,-12,-7.03
194720,-12,-6.54
194771,-12,-6.05
194823,-12,-6.54
194874,-12,-6.54
194925,-12,-6.54
194975,-12,-7.03
195026,-12,-6.54
195078,-12,-6.54
195129,-12,-7.03
195180,-12,-6.54
195231,-12,-6.54
195282,-12,-6.54
195334,-12,-7.03
195385,-12,-6.54
195436,-12,-7.03
195487,-12,-7.03
195537,-12,-7.03
195589,-12,-7.03
195640,-12,-6.54
195691,-12,-6.54
195742,-12,-6.54
195793,-12,-7.52
195845,-12,-6.54
195896,-12,-6.54
195947,-12,-7.03
195998,-12,-6.54
196049,-12,-6.54
196100,-12,-6.05
196151,-12,-6.54
196202,-12,-6.54
196253,-12,-6.54
196304,-12,-7.03
196356,-12,-6.54
196407,-12,-7.03
196458,-12,-6.54
196509,-12,-7.03
196560,-12,-6.54
196611,-12,-6.54
196662,-12,-6.54
196713,-12,-6.54
196764,-12,-6.54
196815,-12,-6.54
196867,-12,-7.03
196918,-12,-7.03
196969,-12,-7.03
197020,-12,-7.03
197071,-12,-6.54
197123,-12,-7.03
197173,-12,-7.03
197224,-12,-7.03
197275,-12,-6.54
197326,-12,-7.03
197378,-12,-6.54
197429,-12,-6.54
197480,-12,-6.05
197531,-12,-6.54
197582,-12,-6.54
197634,-12,-7.03
197685,-12,-7.03
197735,-12,-6.05
197786,-12,-6.54
197837,-12,-6.54
197889,-12,-6.54
197940,-12,-6.05
197991,-12,-6.54
198042,-12,-7.03
198093,-12,-6.54
198145,-12,-6.54
198196,-12,-7.03
198246,-12,-6.54
198297,-12,-6.54
198348,-12,-6.54
198400,-12,-7.03
198451,-12,-6.54
198502,-12,-6.54
198553,-12,-7.52
198604,-12,-6.54
198656,-12,-6.54
198707,-12,-7.03
198758,-12,-6.54
198808,-12,-6.54
198859,-12,-6.54
198910,-12,-7.03
198962,-12,-7.03
199013,-12,-6.54
199064,-12,-6.05
199115,-12,-6.54
199166,-12,-7.03
199218,-12,-6.54
199269,-12,-6.54
199320,-12,-6.54
199370,-12,-7.52
199421,-12,-7.03
199473,-12,-6.54
199524,-12,-6.54
199575,-12,-6.54
199626,-12,-7.03
199677,-12,-6.54
199729,-12,-6.54
199780,-12,-6.54
199831,-12,-6.05
199882,-12,-6.54
199932,-12,-6.54
199984,-12,-6.54
200035,-12,-7.03
200086,-12,-7.03
200137,-12,-6.54
200188,-12,-7.03
200240,-12,-6.54
200291,-12,-7.03
200342,-12,-7.03
200393,-12,-7.52
200443,-12,-7.03
200495,-12,-6.54
200546,-12,-6.54
200597,-12,-6.54
200648,-12,-7.03
200699,-12,-7.03
200751,-12,-7.03
200802,-12,-6.54
200853,-12,-7.03
200904,-12,-7.03
200955,-12,-6.05
201006,-12,-7.03
201057,-12,-7.03
201108,-12,-6.05
201159,-12,-7.03
201210,-12,-7.03
201262,-12,-7.03
201313,-12,-6.54
201364,-12,-6.54
201415,-12,-6.54
201466,-12,-7.52
201517,-12,-6.54
201568,-12,-6.54
201619,-12,-7.03
201670,-12,-6.54
201721,-12,-7.03
201773,-12,-7.52
201824,-12,-6.54
201875,-12,-7.52
201926,-12,-7.52
201977,-12,-7.03
202029,-12,-6.54
202079,-12,-7.03
202130,-12,-6.54
202181,-12,-6.54
202232,-12,-7.03
202284,-12,-6.54
202335,-12,-7.03
202386,-12,-7.03
202437,-12,-7.03
202488,-12,-6.54
202540,-12,-7.03
202591,-12,-7.03
202641,-12,-7.52
202692,-12,-7.03
202743,-12,-7.03
202795,-12,-7.03
202846,-12,-7.03
202897,-12,-6.54
202948,-12,-7.03
202999,-12,-7.03
203051,-12,-7.03
203102,-12,-7.03
203152,-12,-7.03
203203,-12,-6.54
203254,-12,-7.52
203305,-12,-6.54
203357,-12,-7.52
203408,-12,-7.52
203459,-12,-7.03
203510,-12,-7.03
203561,-12,-7.52
203613,-12,-6.54
203664,-12,-6.54
203714,-12,-7.03
203765,-12,-6.54
203816,-12,-7.03
203868,-12,-7.03
203919,-12,-6.54
203970,-12,-7.52
204021,-12,-7.52
204072,-12,-7.52
204124,-12,-6.54
204175,-12,-7.03
204226,-12,-7.03
204276,-12,-6.54
204327,-12,-7.52
204379,-12,-7.03
204430,-12,-7.03
204481,-12,-7.03
204532,-12,-7.03
204583,-12,-7.03
204635,-12,-7.03
204686,-12,-7.52
204737,-12,-7.03
204788,-12,-7.03
204838,-12,-7.03
204890,-12,-6.54
204941,-12,-6.54
204992,-12,-7.03
205043,-12,-6.54
205094,-12,-8.01
205146,-12,-7.03
205197,-12,-7.52
205248,-12,-7.03
205299,-12,-7.03
205349,-12,-7.52
205401,-12,-7.03
205452,-12,-7.03
205503,-12,-7.03
205554,-12,-6.54
205605,-12,-7.52
205657,-12,-7.52
205708,-12,-7.52
205759,-12,-7.03
205810,-12,-6.54
205861,-12,-7.52
205912,-12,-7.03
205963,-12,-7.52
206014,-12,-7.52
206065,-12,-6.54
206116,-12,-7.52
206168,-12,-7.03
206219,-12,-7.52
206270,-12,-7.52
206321,-12,-6.54
206372,-12,-7.52
206423,-12,-8.01
206474,-12,-7.52
206525,-12,-7.52
206576,-12,-7.03
206627,-12,-7.03
206679,-12,-7.03
206730,-12,-7.03
206781,-12,-7.52
206832,-12,-7.52
206883,-12,-7.03
206935,-12,-8.01
206985,-12,-7.52
207036,-12,-7.03
207087,-12,-7.03
207138,-12,-7.52
207190,-12,-7.52
207241,-12,-7.03
207292,-12,-7.52
207343,-12,-7.52
207394,-12,-7.52
207446,-12,-7.52
207496,-12,-7.52
207547,-12,-7.52
207598,-12,-7.03
207649,-12,-7.03
207700,-12,-7.03
207752,-12,-7.52
207803,-12,-7.03
207854,-12,-7.52
207905,-12,-8.01
207956,-12,-7.52
208008,-12,-7.52
208058,-12,-7.03
208109,-12,-7.52
208160,-12,-8.01
208211,-12,-7.52
208263,-12,-7.52
208314,-12,-7.03
208365,-12,-7.03
208416,-12,-7.52
208467,-12,-8.01
208519,-12,-7.52
208569,-12,-7.52
208620,-12,-7.03
208671,-12,-7.03
208722,-12,-7.52
208774,-12,-7.52
208825,-12,-7.52
208876,-12,-7.52
208927,-12,-7.03
208978,-12,-7.52
209030,-12,-7.52
209081,-12,-7.03
209131,-12,-7.03
209182,-12,-7.03
209233,-12,-7.03
209285,-12,-7.52
209336,-12,-7.52
209387,-12,-7.52
209438,-12,-7.52
209489,-12,-7.52
209541,-12,-7.52
209592,-12,-8.01
209643,-12,-8.01
209693,-12,-7.52
209744,-12,-7.52
209796,-12,-7.52
209847,-12,-8.01
209898,-12,-7.03
209949,-12,-7.52
210000,-12,-7.52
210052,-12,-7.03
210103,-12,-7.03
210154,-12,-7.52
210204,-12,-8.5
210255,-12,-8.01
210307,-12,-8.01
210358,-12,-8.01
210409,-12,-8.01
210460,-12,-7.03
210511,-12,-7.52
210563,-12,-7.03
210614,-12,-7.52
210665,-12,-8.5
210716,-12,-7.52
210766,-12,-8.01
210818,-12,-7.52
210869,-12,-7.52
210920,-12,-6.54
210971,-12,-7.52
211022,-12,-8.01
211074,-12,-8.01
211125,-12,-8.01
211176,-12,-7.52
211227,-12,-8.01
211278,-12,-7.52
211329,-12,-7.52
211380,-12,-8.01
211431,-12,-7.52
211482,-12,-7.52
211533,-12,-8.01
211585,-12,-7.03
211636,-12,-7.03
211687,-12,-7.03
211738,-12,-7.52
211789,-12,-7.52
211840,-12,-7.52
211891,-12,-7.03
211942,-12,-7.52
211993,-12,-7.52
212044,-12,-7.52
212096,-12,-8.01
212147,-12,-7.03
212198,-12,-8.01
212249,-12,-7.52
212300,-12,-7.03
212352,-12,-8.01
212402,-12,-7.52
212453,-12,-7.03
212504,-12,-7.52
212555,-12,-7.52
212606,-12,-8.01
212658,-12,-7.03
212709,-12,-7.03
212760,-12,-7.03
212811,-12,-7.52
212862,-12,-7.52
212913,-12,-7.52
212964,-12,-7.03
213015,-12,-7.52
213066,-12,-7.52
213117,-12,-7.03
213169,-12,-7.52
213220,-12,-8.01
213271,-12,-7.03
213322,-12,-7.52
213373,-12,-7.03
213425,-12,-8.01
213475,-12,-8.01
213526,-12,-7.52
213577,-12,-8.01
213628,-12,-8.01
213680,-12,-7.52
213731,-12,-7.52
213782,-12,-8.01
213833,-12,-8.01
213884,-12,-7.52
213936,-12,-8.01
213987,-12,-7.52
214037,-12,-8.01
214088,-12,-7.52
214139,-12,-7.52
214191,-12,-8.01
214242,-12,-7.52
214293,-12,-7.52
214344,-12,-8.01
214395,-12,-7.03
214447,-12,-8.01
214498,-12,-8.5
214549,-12,-7.52
214599,-12,-7.52
214650,-12,-7.03
214702,-12,-7.52
214753,-12,-8.01
214804,-12,-8.01
214855,-12,-7.03
214906,-12,-8.01
214958,-12,-7.03
215009,-12,-8.01
215060,-12,-8.5
215110,-12,-8.01
215161,-12,-7.52
215213,-12,-7.52
215264,-12,-7.52
215315,-12,-8.01
215366,-12,-7.52
215417,-12,-7.52
215469,-12,-8.01
215520,-12,-8.5
215571,-12,-7.03
215622,-12,-8.01
215672,-12,-7.52
215724,-12,-8.01
215775,-12,-8.5
215826,-12,-8.5
215877,-12,-7.52
215928,-12,-8.01
215980,-12,-8.5
216031,-12,-7.52
216082,-12,-8.01
216133,-12,-8.5
216184,-12,-8.01
216235,-12,-8.01
216286,-12,-7.52
216337,-12,-8.01
216388,-12,-8.01
216439,-12,-8.01
216491,-12,-7.52
216542,-12,-8.5
216593,-12,-8.5
216644,-12,-8.01
216695,-12,-7.52
216745,-12,-7.52
216797,-12,-7.52
216848,-12,-8.01
216899,-12,-8.01
216950,-12,-7.52
217001,-12,-8.01
217053,-12,-7.52
217104,-12,-8.01
217155,-12,-8.5
217206,-12,-8.01
217257,-12,-8.01
217308,-12,-8.01
217359,-12,-7.52
217410,-12,-8.01
217461,-12,-8.01
217512,-12,-8.01
217564,-12,-7.52
217615,-12,-8.01
217666,-12,-8.01
217717,-12,-8.5
217768,-12,-8.01
217820,-12,-8.01
217870,-12,-8.01
217921,-12,-7.52
217972,-12,-7.52
218023,-12,-8.01
218075,-12,-8.01
218126,-12,-8.01
218177,-12,-8.01
218228,-12,-8.01
218279,-12,-7.52
218331,-12,-8.01
218381,-12,-7.52
218432,-12,-7.52
218483,-12,-7.03
218534,-12,-8.01
218586,-12,-7.52
218637,-12,-7.52
218688,-12,-8.01
218739,-12,-8.01
218790,-12,-8.01
218842,-12,-8.01
218893,-12,-7.03
218943,-12,-8.01
218994,-12,-8.01
219045,-12,-7.52
219097,-12,-8.01
219148,-12,-7.52
219199,-12,-7.52
219250,-12,-8.98
219301,-12,-8.5
219353,-12,-8.5
219404,-12,-8.5
219455,-12,-7.52
219505,-12,-8.5
219556,-12,-7.52
219608,-12,-8.01
219659,-12,-7.52
219710,-12,-8.5
219761,-12,-8.01
219812,-12,-7.52
219864,-12,-8.01
219915,-12,-8.01
219966,-12,-7.52
220017,-12,-7.52
220067,-12,-8.01
220119,-12,-8.5