0.0,0.09
0.018667911194079605,0.08967703099449939
0.03733582238815921,0.08869241413491916
0.05600373358223881,0.08707734593475693
0.07467164477631842,0.08486662471266389
0.09333955597039803,0.08209825903861268
0.11200746716447763,0.07881306975736116
0.13067537835855725,0.07505428548791476
0.14934328955263684,0.07086713464020496
0.16801120074671644,0.06629843692516728
0.18667911194079606,0.061396197261415604
0.20534702313487566,0.05620920489842826
0.22401493432895525,0.05078664048015543
0.24268284552303487,0.04517769366197305
0.2613507567171145,0.03943119376610178
0.28001866791119406,0.033595255814728615
0.2986865791052737,0.027716944115586974
0.3173544902993533,0.021841955391934058
0.3360224014934329,0.016014323248786485
0.3546903126875125,0.01027614555177293
0.3733582238815921,0.004667336066547816
0.3920261350756717,-0.0007745985315623471
0.4106940462697513,-0.006014755412688853
0.42936195746383093,-0.011021005494756235
0.4480298686579105,-0.01576413612189184
0.4666977798519901,-0.0202179663896245
0.48536569104606975,-0.024359435221486783
0.5040336022401494,-0.028168662524604104
0.522701513434229,-0.0316289839613701
0.5413694246283085,-0.03472696006836376
0.5600373358223881,-0.037452360630793054
0.5787052470164677,-0.03979812538000977
0.5973731582105474,-0.04176030222259046
0.616041069404627,-0.04333796433210934
0.6347089805987066,-0.04453310753940283
0.6533768917927862,-0.04535052954448942
0.6720448029868658,-0.04579769254421023
0.6907127141809454,-0.04588457092506573
0.709380625375025,-0.045623485711660826
0.7280485365691046,-0.04502892748863553
0.7467164477631842,-0.0441173695288915
0.7653843589572639,-0.04290707286416617
0.7840522701513434,-0.04141788502628173
0.802720181345423,-0.03967103416930831
0.8213880925395026,-0.03768892025492317
0.8400560037335822,-0.035494904945816544
0.8587239149276619,-0.033113101805425815
0.8773918261217415,-0.03056816834686555
0.896059737315821,-0.02788510140996125
0.9147276485099006,-0.02508903727311147
0.9333955597039802,-0.022205057826684027
0.9520634708980599,-0.019258004047262304
0.9707313820921395,-0.016272297917866396
0.9893992932862191,-0.013271773838954238
1.0080672044802987,-0.010279520469345134
1.0267351156743783,-0.007317733826089263
1.045403026868458,-0.004407582358708736
1.0640709380625375,-0.0015690845972061466
1.082738849256617,0.0011790001441310323
1.1014067604506967,0.0038192676426869417
1.1200746716447763,0.006335750975486433
1.138742582838856,0.008713988926148298
1.1574104940329355,0.01094108056951199
1.1760784052270152,0.013005726120396011
1.1947463164210947,0.01489825423590098
1.2134142276151743,0.01661063605806563
1.232082138809254,0.01813648637487242
1.2507500500033335,0.01947105236206289
1.2694179611974132,0.020611190445549005
1.2880858723914927,0.021555331894097116
1.3067537835855725,0.022303437814222664
1.325421694779652,0.022856944273757656
1.3440896059737315,0.023218698327321863
1.3627575171678112,0.02339288575598555
1.3814254283618908,0.02338495136486343
1.4000933395559705,0.023201512706375948
1.41876125075005,0.02285026811364492
1.4374291619441295,0.022339899938173254
1.4560970731382092,0.021679973888834508
1.4747649843322888,0.020880835365527976
1.4934328955263685,0.019953503670915095
1.512100806720448,0.018909564967736162
1.5307687179145277,0.017761064827618845
1.5494366291086072,0.01652040119035721
1.5681045403026868,0.01520021852070151
1.5867724514967665,0.013813303913116706
1.605440362690846,0.012372485854121373
1.6241082738849257,0.010890536307109445
1.6427761850790052,0.009380076736408623
1.661444096273085,0.007853488636179826
1.6801120074671645,0.0063228290760746556
1.698779918661244,0.0047997517198113855
1.7174478298553237,0.003295433715492979
1.7361157410494032,0.0018205087980588586
1.754783652243483,0.00038500688522874726
1.7734515634375625,-0.0010016996108527941
1.792119474631642,-0.002330942592855188
1.8107873858257217,-0.0035947981029411766
1.8294552970198013,-0.004786119114162875
1.848123208213881,-0.005898561294901466
1.8667911194079605,-0.006926601805678205
1.8854590306020402,-0.007865551238268277
1.9041269417961197,-0.008711558854940595
1.9227948529901993,-0.009461611330554004
1.941462764184279,-0.010113525241924007
1.9601306753783585,-0.010665933587138885
1.9787985865724382,-0.011118266652188423
1.9974664977665177,-0.011470727573250739
2.0161344089605975,-0.011724262970176326
2.034802320154677,-0.011880529050059234
2.0534702313487565,-0.011941853599273645
2.072138142542836,-0.011911194297986828
2.090806053736916,-0.011792093802973986
2.1094739649309955,-0.011588632052616992
2.128141876125075,-0.011305376252353177
2.1468097873191545,-0.010947328999658378
2.165477698513234,-0.010519875005026115
2.184145609707314,-0.010028726859487372
2.2028135209013935,-0.009479870290163598
2.221481432095473,-0.008879509333335962
2.2401493432895525,-0.008234011839737782
2.2588172544836325,-0.007549855709436513
2.277485165677712,-0.006833576233982773
2.2961530768717915,-0.00609171490168948
2.314820988065871,-0.005330769998198988
2.3334888992599505,-0.004557149309137432
2.3521568104540305,-0.003777125204890134
2.37082472164811,-0.002996792359606542
2.3894926328421895,-0.002222028327706856
2.408160544036269,-0.0014584571716656906
2.4268284552303485,-0.0007114163049344411
2.4454963664244285,1.4073316222265088e-05
2.464164277618508,0.0007133335482255703
2.4828321888125875,0.0013820518890027683
2.501500100006667,0.0020163007353442564
2.5201680112007465,0.002612553052530903
2.5388359223948265,0.003167694467578709
2.557503833588906,0.0036790318239778904
2.5761717447829855,0.004144298261087247
2.594839655977065,0.004561654905233693
2.613507567171145,0.004929689281931877
2.6321754783652245,0.005247410579364164
2.650843389559304,0.005514241912252057
2.6695113007533835,0.005730009752425267
2.688179211947463,0.00589493070769334
2.706847123141543,0.006009595844000023
2.7255150343356225,0.006074952757263999
2.744182945529702,0.006092285610767426
2.7628508567237815,0.006063193361447619
2.781518767917861,0.0059895664039937065
2.800186679111941,0.005873561865278887
2.8188545903060205,0.005717577783413279
2.8375225015001,0.005524226405637198
2.8561904126941795,0.005296306837456658
2.874858323888259,0.0050367772719285536
2.893526235082339,0.0047487270229187575
2.9121941462764185,0.004435348579577015
2.930862057470498,0.004099909891300492
2.9495299686645775,0.0037457270832022154
2.9681978798586575,0.003376137791676016
2.986865791052737,0.002994475298175602
3.0055337022468165,0.0026040436269247065
3.024201613440896,0.002208093759074232
3.0428695246349755,0.0018098011019475418
3.0615374358290555,0.001412244337595348
3.080205347023135,0.001018385760044448
3.0988732582172145,0.0006310531954961839
3.117541169411294,0.0002529235844361036
3.1362090806053735,-0.0001134917107240782
3.1548769917994535,-0.0004658598241188615
3.173544902993533,-0.0008020374977455082
3.1922128141876125,-0.001120080367145819
3.210880725381692,-0.001418250417371692
3.2295486365757715,-0.0016950216190631815
3.2482165477698515,-0.0019490837678021022
3.266884458963931,-0.002179344562583485
3.2855523701580105,-0.0023849299711993046
3.30422028135209,-0.0025651829414895695
3.32288819254617,-0.0027196605277304744
3.3415561037402495,-0.002848129510849908
3.360224014934329,-0.002950560599649486
3.3788919261284085,-0.0030271213077386894
3.397559837322488,-0.003078167607429637
3.416227748516568,-0.003104234467386346
3.4348956597106475,-0.0031060253853650594
3.453563570904727,-0.0030844010309243187
3.4722314820988065,-0.003040367115534555
3.490899393292886,-0.0029750616090939716
3.509567304486966,-0.002889741422483486
3.5282352156810455,-0.002785768675498387
3.546903126875125,-0.0026645966683133144
3.5655710380692045,-0.0025277556726112285
3.584238949263284,-0.0023768386556815117
3.602906860457364,-0.0022134870472173746
3.6215747716514435,-0.00203937665427204
3.640242682845523,-0.0018562038249235796
3.6589105940396025,-0.001665671955709926
3.6775785052336825,-0.0014694784318899803
3.696246416427762,-0.001269302083127937
3.7149143276218415,-0.0010667912303503897
3.733582238815921,-0.0008635523923552467
3.7522501500100005,-0.0006611397133229359
3.7709180612040805,-0.0004610451647594567
3.78958597239816,-0.0002646895676514381
3.8082538835922395,-7.341447279839006e-05
3.826921794786319,0.00011152507053169636
3.8455897059803985,0.00028896683524194065
3.8642576171744785,0.0004578468116131714
3.882925528368558,0.0006172036698379684
3.9015934395626375,0.0007661822899160843
3.920261350756717,0.0009040363659562584
3.938929261950797,0.0010301300986352844
3.9575971731448765,0.001143938995925805
3.976265084338956,0.0012450498081847143
3.9949329955330355,0.0013331596292625635
4.013600906727115,0.0014080742004243837
4.032268817921195,0.0014697054585406702
4.050936729115274,0.001518068374195775
4.069604640309354,0.001553277129055318
4.088272551503434,0.0015755406850244235
4.106940462697513,0.0015851578004091283
4.125608373891593,0.0015825115504619666
4.144276285085672,0.0015680634113521407
4.162944196279752,0.0015423469677564151
4.181612107473832,0.001505961304928534
4.200280018667911,0.0014595641462853404
4.218947929861991,0.001403864797262899
4.23761584105607,0.0013396169554646816
4.25628375225015,0.001267611445967702
4.27495166344423,0.0011886689390957048
4.293619574638309,0.0011036327060367382
4.312287485832389,0.001013361465404174
4.330955397026468,0.0009187223712448148
4.349623308220548,0.0008205841901158901
4.368291219414628,0.0007198107117170457
4.386959130608707,0.0006172544342057333
4.405627041802787,0.0005137505617787403
4.424294952996866,0.00041011134840190184
4.442962864190946,0.0003071208177476342
4.461630775385026,0.00020552988548956568
4.480298686579105,0.00010605190613681758
4.498966597773185,9.358662600220833e-06
4.517634508967265,-8.392318730081263e-05
4.536302420161344,-0.00017321519712913962
4.554970331355424,-0.0002579897445387098
4.573638242549503,-0.00033777216781182234
4.592306153743583,-0.0004121424273086065
4.610974064937663,-0.00048073629644505877
4.629641976131742,-0.0005432460901870328
4.648309887325822,-0.0005994209422368243
4.666977798519901,-0.0006490666450795208
4.685645709713981,-0.0006920450698326576
4.704313620908061,-0.0007282731853914827
4.72298153210214,-0.0007577216986728505
4.74164944329622,-0.0007804133398240862
4.760317354490299,-0.0007964208180728903
4.778985265684379,-0.0008058644754458623
4.797653176878459,-0.0008089096668740866
4.816321088072538,-0.0008057638962343046
4.834988999266618,-0.0007966737386449691
4.853656910460697,-0.0007819215798516062
4.872324821654777,-0.0007618222038006709
4.890992732848857,-0.0007367192595225431
4.909660644042936,-0.0007069816382310051
4.928328555237016,-0.0006729997911086163
4.946996466431095,-0.000635182017596191
4.965664377625175,-0.0005939507531525879
4.984332288819255,-0.0005497388844120873
5.003000200013334,-0.0005029861184549888
5.021668111207414,-0.000454135431538355
5.040336022401493,-0.00040362962112378974
5.059003933595573,-0.00035190798340420056
5.077671844789653,-0.0002994031367886986
5.096339755983732,-0.00024653800997069476
5.115007667177812,-0.00019372301129637394
5.133675578371892,-0.00014135339418578456
5.152343489565971,-8.980683135361403e-05
5.171011400760051,-3.944120854804948e-05
5.18967931195413,9.407353510148024e-06
5.20834722314821,5.6426242334538875e-05
5.22701513434229,0.0001013278573771403
5.245683045536369,0.00014385087154916997
5.264350956730449,0.0001837612497949388
5.283018867924528,0.00022085302580940083
5.301686779118608,0.00025494883976893756
5.320354690312688,0.00028590024163821645
5.339022601506767,0.0003135877662141533
5.357690512700847,0.0003379207875621642
5.376358423894926,0.00035883716188276374
5.395026335089006,0.0003763026691117284
5.413694246283086,0.0003903102646990772
5.432362157477165,0.0004008791540271149
5.451030068671245,0.00040805370281244904
5.469697979865324,0.00041190219758942644
5.488365891059404,0.0004125154709918894
5.507033802253484,0.0004100054070366254
5.525701713447563,0.000404503341966588
5.544369624641643,0.00039615837643689513
5.563037535835722,0.0003851356149248218
5.581705447029802,0.0003716143482202471
5.600373358223882,0.00035578619470999555
5.619041269417961,0.0003378532159134536
5.637709180612041,0.00031802602136384223
5.65637709180612,0.0002965218774661146
5.6750450030002,0.0002735628344056871
5.69371291419428,0.0002493738845397728
5.712380825388359,0.0002241811649827018
5.731048736582439,0.00019821021630669246
5.749716647776518,0.00017168430842840013
5.768384558970598,0.00014482284384781483
5.787052470164678,0.00011783984745853837
5.805720381358757,9.094255116561182e-05
5.824388292552837,6.4330080537783e-05
5.843056203746917,3.819224969378987e-05
5.861724114940996,1.2708469585273884e-05
5.880392026135076,-1.1953226199434138e-05
5.899059937329155,-3.5637035018430644e-05
5.917727848523235,-5.8200116072181494e-05
5.936395759717315,-7.951319753518562e-05
5.955063670911394,-9.946105981555499e-05
5.973731582105474,-0.00011794289576980842
5.992399493299553,-0.0001348725495954332
6.011067404493633,-0.00015017863697386425
6.029735315687713,-0.00016380454983659553
6.048403226881792,-0.00017570834987313438
6.067071138075872,-0.0001858625555876006
6.085739049269951,-0.00019425382833798468
6.104406960464031,-0.0002008825633558666
6.123074871658111,-0.00020576239224274706
6.14174278285219,-0.00020891960387076403
6.16041069404627,-0.0002103924909795198
6.179078605240349,-0.00021023063005679878
6.197746516434429,-0.00020849410231929912
6.216414427628509,-0.00020525266377085624
6.235082338822588,-0.00020058487241121476
6.253750250016668,-0.00019457718069984417
6.272418161210747,-0.00018732300134867877
6.291086072404827,-0.0001789217544274385
6.309753983598907,-0.00016947790361821198
6.328421894792986,-0.0001590999892553611
6.347089805987066,-0.00014789966553602015
6.365757717181145,-0.00013599074898918448
6.384425628375225,-0.0001234882849514965
6.403093539569305,-0.00011050763841950688
6.421761450763384,-9.716361523553547e-05
6.440429361957464,-8.356961912172501e-05
6.459097273151543,-6.983684960880827e-05
6.477765184345623,-5.607354541692823e-05
6.496433095539703,-4.2384277340080154e-05
6.515101006733782,-2.886929416765571e-05
6.533768917927862,-1.562392465062921e-05
6.552436829121942,-2.7380379902906715e-06
6.571104740316021,9.704435201779396e-06
6.589772651510101,2.1625920048567545e-05
6.60844056270418,3.295555174998766e-05
6.62710847389826,4.362946672024911e-05
6.64577638509234,5.359103060737026e-05
6.664444296286419,6.279100375338161e-05
6.683112207480499,7.118764510394728e-05
6.701780118674578,7.874675600254509e-05
6.720448029868658,8.544166570462497e-05
6.739115941062738,9.12531608191976e-05
6.757783852256817,9.616936122738881e-05
6.776451763450897,0.0001001855453380579
6.795119674644976,0.00010330392781847424
6.813787585839056,0.00010553339318234693
6.832455497033136,0.0001068891888275619
6.851123408227215,0.00010739258129148962
6.869791319421295,0.000107070479632573
6.888459230615374,0.00010595502995330367
6.907127141809454,0.00010408318515207381
6.925795053003534,0.00010149625403043515
6.944462964197613,9.823943388891025e-05
6.963130875391693,9.436133071980636e-05
6.981798786585772,8.991347105079138e-05
7.000466697779852,8.494980940978472e-05
7.019134608973932,7.9526235271672e-05
7.037802520168011,7.370008321222735e-05
7.056470431362091,6.752964983637859e-05
7.07513834255617,6.107372086857622e-05
7.09380625375025,5.4391111594632144e-05
7.11247416494433,4.7540223629191874e-05
7.131142076138409,4.057862075315827e-05
7.149809987332489,3.356262632321143e-05
7.168477898526568,2.654694450329496e-05
7.187145809720648,1.95843073078221e-05
7.205813720914728,1.2725149180675323e-05
7.224481632108807,6.017310564962891e-06
7.243149543302887,-4.942283518335212e-07
7.261817454496967,-6.767582802198857e-06
7.280485365691046,-1.2764166863987271e-05
7.299153276885126,-1.8448864760412594e-05
7.317821188079205,-2.379016990358476e-05
7.336489099273285,-2.876029179777947e-05
7.355157010467365,-3.333523115605745e-05
7.373824921661444,-3.7494823810100476e-05
7.392492832855524,-4.12227542068517e-05
7.411160744049603,-4.450653948561715e-05
7.429828655243683,-4.73374853146852e-05
7.448496566437763,-4.971061483636451e-05
7.467164477631842,-5.162457222294763e-05
7.485832388825922,-5.308150248287109e-05
7.504500300020001,-5.408690927586649e-05
7.523168211214081,-5.464949259789449e-05
7.541836122408161,-5.4780968280982975e-05
7.56050403360224,-5.449587131976817e-05
7.57917194479632,-5.38113450856827e-05
7.597839855990399,-5.27469185216209e-05
7.616507767184479,-5.1324273424912755e-05
7.635175678378559,-4.956700392505594e-05
7.653843589572638,-4.7500370245482286e-05
7.672511500766718,-4.5151048806377974e-05
7.691179411960797,-4.254688067901534e-05
7.709847323154877,-3.971662034205086e-05
7.728515234348957,-3.668968661774691e-05
7.747183145543036,-3.349591758205868e-05
7.765851056737116,-3.0165331148059196e-05
7.784518967931195,-2.6727892918330618e-05
7.803186879125275,-2.3213292789839516e-05
7.821854790319355,-1.9650731675604876e-05
7.840522701513434,-1.6068719582274347e-05
7.859190612707514,-1.2494886152739286e-05
7.877858523901594,-8.955804649269964e-06
7.896526435095673,-5.476830216478021e-06
7.915194346289753,-2.081953125841161e-06
7.933862257483832,1.2063324343729735e-06
7.952530168677912,4.367143597124192e-06
7.971198079871992,7.3813077913298464e-06
7.989865991066071,1.0231445294840283e-05
8.008533902260151,1.290203533635016e-05
8.02720181345423,1.537946584166961e-05
8.045869724648309,1.765206703930779e-05
8.06453763584239,1.971012925391937e-05
8.083205547036469,2.154590532321215e-05
8.101873458230548,2.315359817382958e-05
8.120541369424629,2.4529334184006885e-05
8.139209280618708,2.5671123045053e-05
8.157877191812787,2.6578804909570164e-05
8.176545103006868,2.7253985681525595e-05
8.195213014200947,2.7699961361651277e-05
8.213880925395026,2.792163241103446e-05
8.232548836589107,2.7925409136131906e-05
8.251216747783186,2.7719109129818453e-05
8.269884658977265,2.7311847825546425e-05
8.288552570171344,2.6713923235404752e-05
8.307220481365425,2.5936695948034096e-05
8.325888392559504,2.499246545924755e-05
8.344556303753583,2.389434389714388e-05
8.363224214947664,2.265612818485766e-05
8.381892126141743,2.1292171658272905e-05
8.400560037335822,1.9817256123491292e-05
8.419227948529903,1.8246465300082712e-05
8.437895859723982,1.659506055166032e-05
8.456563770918061,1.4878359755662433e-05
8.47523168211214,1.3111620109952982e-05
8.493899593306221,1.1309925615530013e-05
8.5125675045003,9.488079912860772e-06
8.531235415694379,7.660505084712954e-06
8.54990332688846,5.841146971433817e-06
8.568571238082539,4.0433874760052906e-06
8.587239149276618,2.2799642664669747e-06
8.605907060470699,5.628982130140936e-07
8.624574971664778,-1.0965711732215702e-06
8.643242882858857,-2.6880421024700008e-06
8.661910794052936,-4.20199854119926e-06
8.680578705247017,-5.629849858306012e-06
8.699246616441096,-6.9639620866235895e-06
8.717914527635175,-8.197680866645983e-06
8.736582438829256,-9.325346199484878e-06
8.755250350023335,-1.0342299193084625e-05
8.773918261217414,-1.124488103928695e-05
8.792586172411495,-1.2030424509187124e-05
8.811254083605574,-1.2697238300122823e-05
8.829921994799653,-1.3244584609374079e-05
8.848589905993732,-1.3672650347065947e-05
8.867257817187813,-1.3982512433734759e-05
8.885925728381892,-1.4176097656447973e-05
8.904593639575971,-1.4256137581212919e-05
8.923261550770052,-1.4226119038652617e-05
8.941929461964131,-1.4090230714592168e-05
8.96059737315821,-1.385330638733791e-05
8.97926528435229,-1.3520765359133083e-05
8.99793319554637,-1.3098550630653904e-05
9.016601106740449,-1.259306536461325e-05
9.03526901793453,-1.2011108177739708e-05
9.053936929128609,-1.1359807789789107e-05
9.072604840322688,-1.0646557544042909e-05
9.091272751516767,-9.878950296191063e-06
9.109940662710848,-9.064714147833263e-06
9.128608573904927,-8.211649477335841e-06
9.147276485099006,-7.3275676947242046e-06
9.165944396293087,-6.420232118967921e-06
9.184612307487166,-5.497301345713684e-06
9.203280218681245,-4.5662754415450165e-06
9.221948129875326,-3.634445267498833e-06
9.240616041069405,-2.7088452001404633e-06
9.259283952263484,-1.7962094832950602e-06
9.277951863457563,-9.029324078473624e-07
9.296619774651644,-3.5032481131261126e-08
9.315287685845723,8.01879288376516e-07
9.333955597039802,1.6026269008118104e-06
9.352623508233883,2.362492613744476e-06
9.371291419427962,3.0772359087127157e-06
9.389959330622041,3.74310818707969e-06
9.408627241816122,4.356863238508464e-06
9.427295153010201,4.91576355557542e-06
9.44596306420428,5.4175825966230355e-06
9.464630975398359,5.860603125735663e-06
9.48329888659244,6.243611783574951e-06
9.501966797786519,6.56589006561034e-06
9.520634708980598,6.827201904933386e-06
9.539302620174679,7.027778075269366e-06
9.557970531368758,7.1682976459424235e-06
9.576638442562837,7.249866734368104e-06
9.595306353756918,7.2739948131210375e-06
9.613974264950997,7.242568837754781e-06
9.632642176145076,7.157825468349333e-06
9.651310087339157,7.022321662263627e-06
9.669977998533236,6.838903917824245e-06
9.688645909727315,6.610676448750707e-06
9.707313820921394,6.340968567081674e-06
9.725981732115475,6.0333015483146274e-06
9.744649643309554,5.691355246508715e-06
9.763317554503633,5.318934719338425e-06
9.781985465697714,4.919937113650148e-06
9.800653376891793,4.498319051092653e-06
9.819321288085872,4.058064741006211e-06
9.837989199279953,3.603155034108235e-06
9.856657110474032,3.137537615750344e-06
9.875325021668111,2.66509852179696e-06
9.89399293286219,2.1896351436420847e-06
9.912660844056271,1.7148308716882464e-06
9.93132875525035,1.244231508918102e-06
9.949996666444429,7.812235681407809e-07
9.96866457763851,3.2901454824540756e-07
9.987332488832589,-1.0938473351774753e-07
10.006000400026668,-5.311756944384162e-07
10.024668311220749,-9.337853836544994e-07
10.043336222414828,-1.3148777007669537e-06
10.062004133608907,-1.672362429872016e-06
10.080672044802986,-2.004402099755933e-06
10.099339955997067,-2.309416696954466e-06
10.118007867191146,-2.586086273558925e-06
10.136675778385225,-2.833351505970364e-06
10.155343689579306,-3.0504122741834194e-06
10.174011600773385,-3.2367243435581263e-06
10.192679511967464,-3.3919942423519976e-06
10.211347423161545,-3.516172438489721e-06
10.230015334355624,-3.6094449281085647e-06
10.248683245549703,-3.6722233563052374e-06
10.267351156743784,-3.705133797208134e-06
10.286019067937863,-3.709004326000859e-06
10.304686979131942,-3.6848515198290907e-06
10.323354890326021,-3.633866027644724e-06
10.342022801520102,-3.5573973509978535e-06
10.360690712714181,-3.456937978605659e-06
10.37935862390826,-3.3341070172422865e-06
10.39802653510234,-3.190633460147989e-06
10.41669444629642,-3.0283392317963698e-06
10.435362357490499,-2.849122144540458e-06
10.45403026868458,-2.654938898441349e-06
10.472698179878659,-2.447788250530182e-06
10.491366091072738,-2.2296944739342445e-06
10.510034002266817,-2.002691220782882e-06
10.528701913460898,-1.7688058956707798e-06
10.547369824654977,-1.5300446387734805e-06
10.566037735849056,-1.2883780095579243e-06
10.584705647043137,-1.0457274534898302e-06
10.603373558237216,-8.039526252854942e-07
10.622041469431295,-5.648396331678221e-07
10.640709380625376,-3.3009025934192417e-07
10.659377291819455,-1.0131220257764605e-07
10.678045203013534,1.1998962055001592e-07
10.696713114207613,3.324206884860779e-07
10.715381025401694,5.347033834566784e-07
10.734048936595773,7.256823869889805e-07
10.752716847789852,9.043289617129663e-07
10.771384758983933,1.0697441273575555e-06
10.790052670178012,1.221160746882476e-06
10.808720581372091,1.357944546306719e-06
10.827388492566172,1.479594098961999e-06
10.846056403760251,1.5857398115789807e-06
10.86472431495433,1.6761419557710807e-06
10.883392226148409,1.7506877940882869e-06
10.90206013734249,1.8093878548501722e-06
10.920728048536569,1.8523714144144122e-06
10.939395959730648,1.8798812493836363e-06
10.958063870924729,1.8922677244911644e-06
10.976731782118808,1.8899822845334734e-06
10.995399693312887,1.8735704207356625e-06
11.014067604506968,1.8436641833528619e-06
11.032735515701047,1.8009743131364575e-06
11.051403426895126,1.7462820645440061e-06
11.070071338089207,1.6804307932650398e-06
11.088739249283286,1.604317379793547e-06
11.107407160477365,1.5188835594275386e-06
11.126075071671444,1.4251072272455085e-06
11.144742982865525,1.3239937843291287e-06
11.163410894059604,1.2165675888054054e-06
11.182078805253683,1.1038635722040868e-06
11.200746716447764,9.869190782052621e-07
11.219414627641843,8.667659771247885e-07
11.238082538835922,7.444231054911909e-07
11.256750450030003,6.208890758468627e-07
11.275418361224082,4.971354974976314e-07
11.294086272418161,3.7410064437886085e-07
11.31275418361224,2.5268360154286214e-07
11.331422094806321,1.3373891703931453e-07
11.3500900060004,1.807178119721957e-08
11.368757917194479,-9.356624944085149e-08
11.38742582838856,-2.0048097099687983e-07
11.406093739582639,-3.020386860531357e-07
11.424761650776718,-3.976687890032664e-07
11.443429561970799,-4.868657839907931e-07
11.462097473164878,-5.691907406959521e-07
11.480765384358957,-6.442721972685442e-07
11.499433295553036,-7.118065235257578e-07
11.518101206747117,-7.715577611194978e-07
11.536769117941196,-8.233569607081455e-07
11.555437029135275,-8.671010392278929e-07
11.574104940329356,-9.027511831348371e-07
11.592772851523435,-9.303308259709645e-07
11.611440762717514,-9.499232307863572e-07
11.630108673911595,-9.6166870982112e-07
11.648776585105674,-9.657615154108817e-07
11.667444496299753,-9.624464373284219e-07
11.686112407493834,-9.520151427129904e-07
11.704780318687913,-9.348022953723918e-07
11.723448229881992,-9.11181491576941e-07
11.742116141076071,-8.815610495074564e-07
11.760784052270152,-8.46379689281482e-07
11.779451963464231,-8.061021399750242e-07
11.79811987465831,-7.612147092945351e-07
11.81678778585239,-7.122208505509106e-07
11.83545569704647,-6.596367603597301e-07
11.854123608240549,-6.03987039057382e-07
11.87279151943463,-5.458004441994844e-07
11.891459430628709,-4.856057657146493e-07
11.910127341822788,-4.239278493431794e-07
11.928795253016867,-3.612837929167513e-07
11.947463164210948,-2.981793378513386e-07
11.966131075405027,-2.3510547595259434e-07
11.984798986599106,-1.7253528929031715e-07
12.003466897793187,-1.1092103850725187e-07
12.022134808987266,-5.069151250633074e-08
12.040802720181345,7.750349970652875e-09
12.059470631375426,6.40295587824008e-08
12.078138542569505,1.178008851513213e-07
12.096806453763584,1.6875038540913636e-07
12.115474364957663,2.1659663467640987e-07
12.134142276151744,2.610916716461493e-07
12.152810187345823,3.020216577712522e-07
12.171478098539902,3.392072561839616e-07
12.190146009733983,3.725037375905159e-07
12.208813920928062,4.018008221760693e-07
12.227481832122141,4.270222682142477e-07
12.246149743316222,4.48125219594792e-07
12.264817654510301,4.650993258554878e-07
12.28348556570438,4.779656495256246e-07
12.30215347689846,4.867753766539765e-07
12.32082138809254,4.916083473024418e-07
12.339489299286619,4.92571423535672e-07
12.358157210480698,4.897967130274657e-07
12.376825121674779,4.834396668376903e-07
12.395493032868858,4.736770701913709e-07
12.414160944062937,4.6070494521787824e-07
12.432828855257018,4.4473638458741016e-07
12.451496766451097,4.259993348195584e-07
12.470164677645176,4.0473434774104916e-07
12.488832588839257,3.811923181439161e-07
12.507500500033336,3.556322251490784e-07
12.526168411227415,3.283188941221038e-07
12.544836322421494,2.9952079522686713e-07
12.563504233615575,2.69507893848083e-07
12.582172144809654,2.3854956717536763e-07
12.600840056003733,2.069126002293631e-07
12.619507967197814,1.7485927353510595e-07
12.638175878391893,1.426455535192655e-07
12.656843789585972,1.1051939553675128e-07
12.675511700780053,7.871916822885571e-08
12.694179611974132,4.7472206689509425e-08
12.712847523168211,1.6993500678637886e-08
12.73151543436229,-1.2515477118233635e-08
12.750183345556371,-4.0867799017949725e-08
12.76885125675045,-6.789196390579344e-08
12.787519167944529,-9.343263108239256e-08
12.80618707913861,-1.1735120619352009e-07
12.824854990332689,-1.3952628016407932e-07
12.843522901526768,-1.5985392312948077e-07
12.862190812720849,-1.7824783637590595e-07
12.880858723914928,-1.94639366260056e-07
12.899526635109007,-2.0897738497362064e-07
12.918194546303086,-2.212280438435225e-07
12.936862457497167,-2.3137440561239021e-07
12.955530368691246,-2.3941596282143246e-07
12.974198279885325,-2.453680500177323e-07
12.992866191079406,-2.4926115802811103e-07
13.011534102273485,-2.511401589812089e-07
13.030202013467564,-2.510634511177943e-07
13.048869924661645,-2.4910203270681944e-07
13.067537835855724,-2.453385145822202e-07
13.086205747049803,-2.398660809342719e-07
13.104873658243884,-2.3278740803144663e-07
13.123541569437963,-2.242135505165703e-07
13.142209480632042,-2.1426280481759087e-07
13.160877391826121,-2.0305955904180844e-07
13.179545303020202,-1.907331384866554e-07
13.198213214214281,-1.774166556042253e-07
13.21688112540836,-1.6324587290502425e-07
13.23554903660244,-1.4835808688363745e-07
13.25421694779652,-1.328910405998871e-07
13.272884858990599,-1.1698187205875266e-07
13.29155277018468,-1.0076610500601523e-07
13.310220681378759,-8.437668819940848e-08
13.328888592572838,-6.794308863241824e-08
13.347556503766917,-5.1590443585084574e-08
13.366224414960998,-3.543877575833283e-08
13.384892326155077,-1.9602275120876625e-08
13.403560237349156,-4.188650465479119e-09
13.422228148543237,1.0701446960566296e-08
13.440896059737316,2.4974926012919347e-08
13.459563970931395,3.8546683275309513e-08
13.478231882125476,5.133995523559425e-08
13.496899793319555,6.328659508193011e-08
13.515567704513634,7.432727475243275e-08
13.534235615707713,8.441161341080062e-08
13.552903526901794,9.349823403132232e-08
13.571571438095873,1.0155475025650753e-07
13.590239349289952,1.0855768613691689e-07
13.608907260484033,1.1449233177335531e-07
13.627575171678112,1.1935253825474944e-07
13.646243082872191,1.2314045561920452e-07
13.664910994066272,1.258662178598506e-07
13.683578905260351,1.275475792504049e-07
13.70224681645443,1.2820950647741367e-07
13.72091472764851,1.2788373123680427e-07
13.73958263884259,1.2660826808190177e-07
13.758250550036669,1.2442690239891445e-07
13.776918461230748,1.213886534349025e-07
13.795586372424829,1.1754721731345119e-07
13.814254283618908,1.1296039494601677e-07
13.832922194812987,1.0768950968373168e-07
13.851590106007068,1.0179881945714424e-07
13.870258017201147,9.535492802185256e-08
13.888925928395226,8.842619976842388e-08
13.907593839589307,8.10821823676727e-08
13.926261750783386,7.33930413096582e-08
13.944929661977465,6.542901015920721e-08
13.963597573171544,5.725986009498176e-08
13.982265484365625,4.8954392025672796e-08
